Datetime,CO2 (ppm),T (Â°C),RH (%),P (Pa),Ambient Light (ADC),Battery (mV)
2021-09-11 17:38:24.739802,741,25.43,52.47,96474.5,19664,4369
2021-09-11 17:38:44.905978,740,25.43,52.47,96476.47,19680,4369
2021-09-11 17:38:49.903153,740,25.43,52.47,96476.47,19680,4369
2021-09-11 17:38:57.915587,740,25.44,52.51,96477.28,19596,4369
2021-09-11 17:39:06.056803,740,25.44,52.51,96477.28,19596,4369
2021-09-11 17:39:13.958953,741,25.43,52.52,96479.38,19570,4370
2021-09-11 17:39:24.986082,740,25.44,52.54,96478.97,19624,4370
2021-09-11 17:39:48.169359,741,25.43,52.53,96479.38,19658,4369
2021-09-11 17:39:53.168422,741,25.43,52.53,96479.38,19658,4369
2021-09-11 17:39:58.170078,741,25.44,52.54,96480.19,19568,4368
2021-09-11 17:40:03.173762,741,25.44,52.54,96480.19,19568,4368
2021-09-11 17:49:21.598024,713,25.45,52.33,96492.49,19470,4368
2021-09-11 17:49:44.651715,707,25.45,52.32,96491.21,19490,4371
2021-09-11 17:50:47.310495,698,25.44,52.27,96491.68,19486,4369
2021-09-11 17:50:58.348863,698,25.44,52.27,96491.68,19486,4369
2021-09-11 17:51:12.487944,696,25.44,52.26,96490.87,19476,4371
2021-09-11 17:51:17.367790,696,25.44,52.26,96490.87,19476,4371
2021-09-11 17:51:22.381197,693,25.45,52.25,96500.79,19408,4370
2021-09-11 17:51:57.715146,687,25.43,52.23,96491.1,19478,4373
2021-09-11 17:52:05.726165,687,25.43,52.23,96491.1,19478,4373
2021-09-11 17:52:25.896647,680,25.44,52.23,96490.81,19476,4372
2021-09-11 17:52:39.922109,676,25.43,52.21,96492.49,19464,4371
2021-09-11 17:52:44.921029,670,25.43,52.18,96489.94,19460,4372
2021-09-11 17:52:56.070262,670,25.43,52.18,96489.94,19460,4372
2021-09-11 17:53:03.965742,668,25.43,52.18,96493.19,19504,4370
2021-09-11 17:53:14.987586,668,25.43,52.18,96493.19,19504,4370
2021-09-11 17:53:19.979577,668,25.43,52.19,96487.97,19446,4371
2021-09-11 17:53:24.982814,668,25.43,52.19,96487.97,19446,4371
2021-09-11 17:53:29.983294,668,25.43,52.19,96487.97,19446,4371
2021-09-11 17:53:50.148674,669,25.43,52.22,96500.51,19468,4371
2021-09-11 17:53:55.146740,669,25.43,52.22,96500.51,19468,4371
2021-09-11 17:54:00.150374,669,25.43,52.22,96500.51,19468,4371
2021-09-11 17:54:20.316060,669,25.43,52.17,96493.13,19410,4372
2021-09-11 17:54:37.467805,669,25.43,52.16,96491.28,19436,4372
2021-09-11 17:54:45.360521,669,25.43,52.16,96492.84,19474,4371
2021-09-11 17:54:50.358301,669,25.43,52.16,96492.84,19474,4371
2021-09-11 17:54:55.361437,669,25.42,52.17,96492.03,19440,4369
2021-09-11 17:55:00.363555,669,25.42,52.17,96492.03,19440,4369
2021-09-11 17:55:17.530681,668,25.42,52.12,96498.53,19446,4369
2021-09-11 17:55:25.554747,668,25.42,52.12,96498.53,19446,4369
2021-09-11 17:55:45.716569,667,25.42,52.1,96497.03,19428,4372
2021-09-11 17:56:21.053097,666,25.42,52.1,96497.55,19390,4369
2021-09-11 17:56:26.045606,666,25.42,52.1,96497.55,19390,4369
2021-09-11 17:56:46.214958,665,25.41,52.07,96495.34,19382,4370
2021-09-11 17:56:51.213998,663,25.42,52.07,96498.42,19360,4371
2021-09-11 17:56:56.216174,663,25.42,52.07,96498.42,19360,4371
2021-09-11 17:57:07.235467,661,25.41,52.06,96496.33,19394,4371
2021-09-11 17:57:15.259331,661,25.41,52.06,96496.33,19394,4371
2021-09-11 17:57:47.729375,658,25.41,52.04,96496.04,19358,4371
2021-09-11 17:57:52.621319,658,25.41,52.04,96496.04,19358,4371
2021-09-11 17:58:09.896300,656,25.4,52.03,96496.33,19338,4370
2021-09-11 17:58:51.614206,651,25.4,52.02,96500.45,19380,4371
2021-09-11 17:58:56.504376,651,25.4,52.02,96500.45,19380,4371
2021-09-11 17:59:01.506773,651,25.4,52.02,96500.45,19380,4371
2021-09-11 17:59:18.782660,651,25.4,52.03,96498.02,19376,4372
2021-09-11 17:59:35.950514,650,25.4,52.04,96504.57,19340,4371
2021-09-11 17:59:40.839914,651,25.4,52.05,96498.48,19390,4371
2021-09-11 18:00:04.255953,650,25.4,52.06,96499.29,19402,4370
2021-09-11 18:00:30.583413,651,25.39,52.06,96499.87,19358,4370
2021-09-11 18:00:35.586610,651,25.39,52.06,96499.87,19358,4370
2021-09-11 18:00:40.587977,651,25.39,52.06,96499.87,19358,4370
2021-09-11 18:00:45.590735,652,25.39,52.07,96496.8,19352,4372
2021-09-11 18:00:50.592884,652,25.39,52.07,96496.8,19352,4372
2021-09-11 18:00:55.596746,652,25.39,52.07,96496.8,19352,4372
2021-09-11 18:02:01.859852,653,25.39,52.03,96498.89,19368,4371
2021-09-11 18:02:12.887242,653,25.38,52.02,96497.09,19298,4372
2021-09-11 18:02:42.335458,652,25.38,52.02,96496.68,19368,4372
2021-09-11 18:02:53.363602,652,25.38,52.02,96496.68,19368,4372
2021-09-11 18:03:04.397742,651,25.38,52.02,96498.6,19316,4372
2021-09-11 18:03:27.706492,650,25.38,52.02,96499.12,19396,4372
2021-09-11 18:03:32.599073,649,25.37,52.0,96496.63,19442,4369
2021-09-11 18:04:23.588934,642,25.37,51.96,96496.28,19318,4371
2021-09-11 18:04:46.895803,641,25.36,51.95,96497.44,19328,4372
2021-09-11 18:04:57.927082,639,25.37,51.96,96503.88,19330,4371
2021-09-11 18:05:05.836082,639,25.37,51.96,96503.88,19330,4371
2021-09-11 18:09:39.890271,617,25.34,51.92,96492.1,19300,4371
2021-09-11 18:09:57.170131,616,25.34,51.93,96491.52,19288,4371
2021-09-11 18:10:08.199543,614,25.34,51.91,96491.06,19222,4370
2021-09-11 18:10:13.087773,614,25.34,51.91,96491.06,19222,4370
2021-09-11 18:11:19.465802,610,25.34,51.88,96494.66,19234,4371
2021-09-11 18:11:36.645011,608,25.34,51.89,96494.31,19182,4371
2021-09-11 18:11:47.668940,607,25.34,51.93,96492.92,19190,4371
2021-09-11 18:11:58.699468,607,25.34,51.93,96492.92,19190,4371
2021-09-11 18:12:15.760446,607,25.34,51.91,96494.19,19126,4372
2021-09-11 18:12:26.899517,606,25.34,51.93,96495.7,19186,4372
2021-09-11 18:12:37.925896,606,25.33,51.93,96494.37,19184,4370
2021-09-11 18:12:48.955875,606,25.33,51.93,96494.37,19184,4370
2021-09-11 18:12:53.848306,606,25.34,51.92,96494.02,19220,4371
2021-09-11 18:13:08.002228,606,25.34,51.92,96494.02,19220,4371
2021-09-11 18:13:12.894275,607,25.34,51.93,96495.36,19162,4371
2021-09-11 18:13:20.914760,607,25.34,51.93,96495.36,19162,4371
2021-09-11 18:13:25.915527,607,25.33,51.91,96493.67,19144,4373
2021-09-11 18:13:43.199094,607,25.33,51.91,96493.67,19144,4373
2021-09-11 18:13:54.232766,607,25.34,51.91,96494.31,19102,4371
2021-09-11 18:14:11.395979,608,25.34,51.93,96492.57,19104,4371
2021-09-11 18:14:16.287048,609,25.34,51.93,96494.89,19220,4371
2021-09-11 18:14:33.565837,609,25.33,51.93,96493.27,19156,4371
2021-09-11 18:14:38.458736,609,25.33,51.93,96493.27,19156,4371
2021-09-11 18:15:01.895666,610,25.33,51.93,96495.94,19100,4372
2021-09-11 18:15:12.918954,611,25.33,51.93,96494.49,19164,4370
2021-09-11 18:15:17.809960,611,25.33,51.93,96494.49,19164,4370
2021-09-11 18:15:35.091206,613,25.33,51.91,96492.57,19184,4371
2021-09-11 18:15:49.132639,613,25.33,51.91,96492.28,19074,4373
2021-09-11 18:15:54.022574,613,25.33,51.91,96492.28,19074,4373
2021-09-11 18:16:11.302396,615,25.33,51.9,96495.24,19070,4370
2021-09-11 18:16:25.349002,616,25.33,51.9,96494.02,19116,4371
2021-09-11 18:16:36.382189,618,25.33,51.92,96495.01,19022,4370
2021-09-11 18:16:44.287289,618,25.33,51.92,96495.01,19022,4370
2021-09-11 18:16:49.289457,620,25.33,51.93,96493.96,19092,4371
2021-09-11 18:17:03.449645,623,25.33,51.95,96499.94,19080,4370
2021-09-11 18:17:14.592759,623,25.33,51.95,96499.94,19080,4370
2021-09-11 18:17:31.756095,625,25.33,51.93,96496.58,19054,4371
2021-09-11 18:17:36.647006,625,25.33,51.93,96495.07,19030,4367
2021-09-11 18:18:55.200428,630,25.33,51.93,96496.05,19056,4371
2021-09-11 18:19:00.090850,633,25.33,51.96,96497.68,19058,4372
2021-09-11 18:19:44.864711,636,25.33,51.98,96494.89,18988,4371
2021-09-11 18:19:52.917756,637,25.33,51.98,96494.89,19038,4369
2021-09-11 18:19:57.923288,637,25.33,51.98,96494.89,19038,4369
2021-09-11 18:20:05.948385,638,25.33,52.0,96497.62,18972,4370
2021-09-11 18:20:10.945123,638,25.33,52.0,96497.62,18972,4370
2021-09-11 18:20:15.936081,638,25.33,52.0,96497.62,18972,4370
2021-09-11 18:20:23.962520,639,25.33,51.96,96493.67,18924,4371
2021-09-11 18:20:47.195287,638,25.32,51.96,96498.32,18962,4370
2021-09-11 18:20:55.240660,638,25.33,51.98,96502.79,18888,4371
2021-09-11 18:21:00.246469,638,25.33,51.98,96502.79,18888,4371
2021-09-11 18:21:05.242394,638,25.33,51.98,96502.79,18888,4371
2021-09-11 18:21:28.453757,638,25.33,51.97,96496.87,18608,4371
2021-09-11 18:21:33.448371,638,25.33,51.97,96496.87,18608,4371
2021-09-11 18:21:44.535368,637,25.32,51.99,96496.75,18148,4370
2021-09-11 18:21:55.561097,637,25.32,51.99,96496.75,18148,4370
2021-09-11 18:22:09.687588,637,25.33,52.01,96496.81,17536,4370
2021-09-11 18:22:20.749547,636,25.34,51.99,96498.95,17132,4370
2021-09-11 18:22:28.812390,636,25.34,51.99,96498.95,17132,4370
2021-09-11 18:22:51.945122,635,25.32,51.98,96497.62,17348,4370
2021-09-11 18:22:59.966716,635,25.32,51.98,96497.62,17348,4370
2021-09-11 18:23:04.978459,635,25.32,51.98,96497.62,17348,4370
2021-09-11 18:23:16.081203,634,25.32,51.98,96496.69,17386,4371
2021-09-11 18:23:21.051085,634,25.32,51.98,96496.69,17386,4371
2021-09-11 18:23:44.402065,631,25.32,51.98,96495.13,17752,4371
2021-09-11 18:23:52.438054,631,25.32,51.98,96495.13,17752,4371
2021-09-11 18:24:09.570563,629,25.31,51.98,96497.74,18056,4369
2021-09-11 18:24:14.576164,628,25.31,51.98,96497.1,18332,4371
2021-09-11 18:24:40.852042,626,25.31,51.98,96499.71,18522,4371
2021-09-11 18:24:45.830274,623,25.31,51.96,96499.07,18646,4368
2021-09-11 18:24:50.820140,623,25.31,51.96,96499.07,18646,4368
2021-09-11 18:24:55.863307,623,25.31,51.96,96499.07,18646,4368
2021-09-11 18:25:00.863341,623,25.31,51.96,96499.07,18646,4368
2021-09-11 18:25:11.884995,622,25.3,51.98,96497.86,18728,4371
2021-09-11 18:25:16.898174,622,25.3,51.98,96497.86,18728,4371
2021-09-11 18:25:24.950479,620,25.3,51.99,96496.46,18782,4372
2021-09-11 18:25:29.942464,620,25.3,51.99,96496.46,18782,4372
2021-09-11 18:25:37.949645,617,25.3,52.01,96498.15,18812,4371
2021-09-11 18:25:46.006604,617,25.3,52.01,96498.15,18812,4371
2021-09-11 18:25:51.003097,617,25.3,52.01,96498.15,18812,4371
2021-09-11 18:25:56.011141,616,25.3,51.99,96500.99,18846,4370
2021-09-11 18:26:07.058021,616,25.3,51.99,96500.99,18846,4370
2021-09-11 18:26:12.070454,614,25.29,52.0,96500.59,18784,4371
2021-09-11 18:26:17.061750,614,25.29,52.0,96500.59,18784,4371
2021-09-11 18:26:28.153466,612,25.29,52.02,96498.5,18660,4371
2021-09-11 18:26:36.191808,612,25.29,52.02,96498.5,18660,4371
2021-09-11 18:26:41.200428,612,25.29,52.02,96498.5,18660,4371
2021-09-11 18:26:46.205117,610,25.29,52.0,96503.31,18482,4371
2021-09-11 18:27:00.305341,609,25.29,52.02,96501.34,18296,4370
2021-09-11 18:27:08.329076,609,25.29,52.02,96501.34,18296,4370
2021-09-11 18:27:16.353786,609,25.29,52.02,96501.34,18296,4370
2021-09-11 18:27:24.387378,607,25.28,52.02,96500.7,18328,4373
2021-09-11 18:27:29.375685,607,25.28,52.02,96500.7,18328,4373
2021-09-11 18:27:34.394691,606,25.28,52.03,96501.92,18380,4371
2021-09-11 18:27:45.532859,606,25.28,52.03,96501.92,18380,4371
2021-09-11 18:27:53.509127,605,25.28,52.03,96501.92,18646,4370
2021-09-11 18:27:58.520935,605,25.28,52.03,96501.92,18646,4370
2021-09-11 18:28:06.595352,605,25.28,52.03,96501.92,18646,4370
2021-09-11 18:28:11.601236,604,25.28,52.04,96504.53,18746,4371
2021-09-11 18:28:16.597889,604,25.28,52.04,96504.53,18746,4371
2021-09-11 18:28:27.693675,603,25.26,52.05,96501.63,18814,4369
2021-09-11 18:28:41.768495,602,25.27,52.05,96504.83,18740,4369
2021-09-11 18:28:46.766826,602,25.27,52.05,96504.83,18740,4369
2021-09-11 18:28:51.774122,602,25.27,52.05,96504.83,18740,4369
2021-09-11 18:29:05.860925,601,25.26,52.07,96505.64,18806,4370
2021-09-11 18:29:16.978141,600,25.26,52.06,96503.78,18772,4368
2021-09-11 18:29:31.121542,599,25.25,52.06,96503.67,18632,4369
2021-09-11 18:29:36.114777,599,25.25,52.06,96503.67,18632,4369
2021-09-11 18:30:02.331213,597,25.25,52.06,96506.97,18768,4370
2021-09-11 18:30:07.331166,597,25.25,52.06,96506.97,18768,4370
2021-09-11 18:30:18.405783,597,25.25,52.06,96506.97,18768,4370
2021-09-11 18:30:44.661881,596,25.25,52.09,96504.94,18678,4371
2021-09-11 18:30:52.698581,594,25.25,52.09,96507.44,18632,4369
2021-09-11 18:30:57.697084,594,25.25,52.09,96507.44,18632,4369
2021-09-11 18:31:02.685789,594,25.25,52.09,96507.44,18632,4369
2021-09-11 18:31:13.759293,593,25.24,52.12,96507.38,18638,4371
2021-09-11 18:31:24.858161,592,25.24,52.13,96509.99,18634,4368
2021-09-11 18:31:29.837901,592,25.24,52.13,96509.99,18634,4368
2021-09-11 18:31:37.883367,592,25.24,52.13,96509.99,18634,4368
2021-09-11 18:32:01.087054,591,25.23,52.14,96508.77,18686,4373
2021-09-11 18:32:18.284049,591,25.22,52.15,96504.6,18628,4369
2021-09-11 18:32:23.281224,591,25.22,52.15,96504.6,18628,4369
2021-09-11 18:32:31.359556,590,25.23,52.15,96507.5,18616,4369
2021-09-11 18:32:36.355166,590,25.23,52.15,96507.5,18616,4369
2021-09-11 18:32:56.516097,590,25.22,52.17,96504.6,18658,4369
2021-09-11 18:33:32.020089,589,25.21,52.17,96505.0,18526,4368
2021-09-11 18:33:43.108582,589,25.21,52.19,96504.66,18546,4370
2021-09-11 18:33:51.123058,589,25.21,52.19,96504.66,18546,4370
2021-09-11 18:33:56.126997,588,25.21,52.2,96506.4,18576,4370
2021-09-11 18:34:01.127427,588,25.21,52.2,96506.4,18576,4370
2021-09-11 18:34:06.115082,588,25.21,52.2,96506.4,18576,4370
2021-09-11 18:34:11.116025,588,25.21,52.2,96506.05,18564,4371
2021-09-11 18:34:43.500344,587,25.2,52.21,96506.22,18552,4372
2021-09-11 18:34:51.582286,587,25.2,52.21,96506.22,18552,4372
2021-09-11 18:35:02.716775,586,25.2,52.22,96505.18,18554,4373
2021-09-11 18:35:16.830994,584,25.19,52.23,96504.6,18452,4371
2021-09-11 18:35:33.952173,584,25.19,52.23,96504.6,18452,4371
2021-09-11 18:36:03.298368,583,25.19,52.26,96506.75,18556,4370
2021-09-11 18:36:11.326254,582,25.19,52.26,96505.99,18486,4370
2021-09-11 18:36:16.393901,582,25.19,52.26,96505.99,18486,4370
2021-09-11 18:36:24.379357,581,25.18,52.25,96504.95,18472,4370
2021-09-11 18:36:32.435100,581,25.18,52.25,96504.95,18472,4370
2021-09-11 18:36:46.537074,580,25.18,52.27,96505.3,18486,4371
2021-09-11 18:36:54.546392,580,25.18,52.27,96505.3,18486,4371
2021-09-11 18:37:05.656315,579,25.17,52.29,96505.99,18530,4368
2021-09-11 18:37:28.885122,578,25.17,52.3,96507.79,18518,4371
2021-09-11 18:37:39.941896,578,25.17,52.3,96506.28,18484,4371
2021-09-11 18:38:03.239864,578,25.17,52.32,96507.5,18430,4370
2021-09-11 18:38:23.461138,578,25.16,52.32,96506.34,18400,4370
2021-09-11 18:38:34.492829,578,25.16,52.32,96506.34,18400,4370
2021-09-11 18:38:39.497451,578,25.16,52.32,96505.7,18462,4370
2021-09-11 18:38:53.607416,578,25.15,52.33,96503.5,18468,4371
2021-09-11 18:39:01.646336,578,25.15,52.33,96503.5,18468,4371
2021-09-11 18:39:09.694342,577,25.15,52.35,96506.46,18412,4370
2021-09-11 18:39:14.702315,577,25.15,52.35,96506.46,18412,4370
2021-09-11 18:39:25.732801,577,25.15,52.35,96506.46,18412,4370
2021-09-11 18:39:42.900382,577,25.14,52.34,96502.98,18444,4369
2021-09-11 18:39:50.967428,577,25.14,52.33,96507.91,18410,4369
2021-09-11 18:39:58.957486,576,25.14,52.35,96507.5,18414,4370
2021-09-11 18:40:10.017780,576,25.14,52.35,96507.5,18414,4370
2021-09-11 18:40:18.051207,576,25.14,52.38,96509.77,18384,4370
2021-09-11 18:40:26.087248,576,25.14,52.38,96509.77,18384,4370
2021-09-11 18:40:34.147086,575,25.13,52.39,96508.09,18360,4371
2021-09-11 18:40:45.223111,575,25.13,52.39,96508.09,18360,4371
2021-09-11 18:40:53.290396,575,25.13,52.4,96506.93,18352,4372
2021-09-11 18:41:04.361271,575,25.13,52.4,96506.93,18352,4372
2021-09-11 18:42:01.026892,573,25.11,52.42,96507.85,18294,4369
2021-09-11 18:42:06.034459,573,25.11,52.42,96507.85,18294,4369
2021-09-11 18:42:17.134624,572,25.11,52.45,96509.01,18284,4372
2021-09-11 18:42:31.243431,572,25.11,52.45,96507.68,18218,4369
2021-09-11 18:42:39.262409,572,25.11,52.45,96507.68,18218,4369
2021-09-11 18:42:53.396210,570,25.1,52.46,96508.09,18178,4371
2021-09-11 18:43:01.426072,569,25.11,52.47,96509.89,18136,4371
2021-09-11 18:43:06.441800,569,25.11,52.47,96509.89,18136,4371
2021-09-11 18:43:29.702710,568,25.1,52.47,96507.97,18192,4370
2021-09-11 18:43:49.909390,568,25.09,52.49,96508.73,18080,4368
2021-09-11 18:44:13.119909,569,25.09,52.5,96511.22,18158,4371
2021-09-11 18:44:24.194767,569,25.09,52.5,96511.22,18158,4371
2021-09-11 18:44:35.289049,569,25.09,52.52,96510.64,18048,4370
2021-09-11 18:44:43.368158,569,25.08,52.51,96510.52,18058,4369
2021-09-11 18:45:15.670826,569,25.08,52.55,96511.51,18070,4368
2021-09-11 18:45:26.736991,569,25.08,52.55,96511.51,18070,4368
2021-09-11 18:45:37.853378,570,25.08,52.55,96512.67,18022,4370
2021-09-11 18:45:51.937279,569,25.07,52.54,96511.1,17972,4370
2021-09-11 18:45:56.946440,569,25.07,52.54,96511.1,17972,4370
2021-09-11 18:46:04.972929,569,25.07,52.57,96511.28,17982,4370
2021-09-11 18:46:28.286927,570,25.06,52.58,96510.64,18028,4370
2021-09-11 18:46:33.271063,570,25.06,52.58,96510.64,18028,4370
2021-09-11 18:46:38.292989,570,25.06,52.58,96510.64,18028,4370
2021-09-11 18:46:49.338787,570,25.06,52.58,96512.03,17992,4371
2021-09-11 18:46:54.334393,570,25.06,52.58,96512.03,17992,4371
2021-09-11 18:47:14.515507,569,25.06,52.62,96512.9,17914,4369
2021-09-11 18:47:22.563951,569,25.06,52.62,96512.9,17914,4369
2021-09-11 18:47:36.621617,569,25.05,52.63,96515.57,17920,4371
2021-09-11 18:47:53.801750,569,25.05,52.64,96513.19,17884,4369
2021-09-11 18:48:17.015997,569,25.04,52.65,96515.22,17870,4368
2021-09-11 18:48:25.046229,569,25.04,52.65,96515.22,17870,4368
2021-09-11 18:48:33.090470,569,25.04,52.65,96515.22,17870,4368
2021-09-11 18:48:41.139838,570,25.05,52.67,96514.76,17822,4372
2021-09-11 18:48:49.184766,570,25.05,52.67,96514.76,17822,4372
2021-09-11 18:48:54.182033,570,25.04,52.68,96514.59,17900,4372
2021-09-11 18:49:02.285761,570,25.04,52.68,96514.59,17900,4372
2021-09-11 18:49:07.253832,570,25.04,52.7,96517.08,17808,4370
2021-09-11 18:49:12.228851,570,25.04,52.7,96517.08,17808,4370
2021-09-11 18:49:26.311144,570,25.03,52.69,96518.47,17766,4369
2021-09-11 18:49:52.670482,571,25.03,52.7,96517.72,17700,4371
2021-09-11 18:50:00.727309,571,25.03,52.72,96519.52,17880,4372
2021-09-11 18:50:08.721130,571,25.03,52.72,96519.52,17880,4372
2021-09-11 18:50:13.725355,572,25.03,52.72,96517.54,17816,4372
2021-09-11 18:50:18.733185,572,25.03,52.72,96517.54,17816,4372
2021-09-11 18:50:23.728578,572,25.03,52.72,96517.54,17816,4372
2021-09-11 18:50:28.724204,572,25.03,52.72,96517.54,17816,4372
2021-09-11 18:50:51.936382,573,25.02,52.75,96517.89,17828,4369
2021-09-11 18:51:02.995508,573,25.02,52.75,96518.41,17788,4371
2021-09-11 18:51:14.090327,573,25.02,52.75,96518.41,17788,4371
2021-09-11 18:51:19.087055,573,25.02,52.75,96518.41,17788,4371
2021-09-11 18:51:24.119152,574,25.02,52.75,96517.72,17810,4371
2021-09-11 18:51:29.129674,574,25.02,52.75,96517.72,17810,4371
2021-09-11 18:51:52.418476,574,25.01,52.77,96518.36,17726,4371
2021-09-11 18:51:57.404916,574,25.01,52.77,96518.36,17786,4371
2021-09-11 18:52:08.478310,574,25.01,52.78,96520.04,17788,4370
2021-09-11 18:52:13.458459,574,25.01,52.78,96520.04,17788,4370
2021-09-11 18:52:27.618415,573,25.0,52.78,96519.17,17748,4371
2021-09-11 18:52:50.996471,573,25.0,52.82,96520.21,17792,4368
2021-09-11 18:52:59.008615,573,25.0,52.83,96517.78,17846,4370
2021-09-11 18:53:04.035539,573,25.0,52.83,96517.78,17846,4370
2021-09-11 18:53:12.033277,573,25.0,52.83,96517.78,17846,4370
2021-09-11 18:53:17.034816,573,25.0,52.84,96520.27,17810,4369
2021-09-11 18:53:22.041361,573,25.0,52.84,96520.27,17810,4369
2021-09-11 18:53:27.071739,573,25.0,52.84,96520.27,17810,4369
2021-09-11 18:53:38.123467,575,24.99,52.91,96520.68,17826,4369
2021-09-11 18:53:43.127588,575,24.99,52.91,96520.68,17826,4369
2021-09-11 18:53:48.155054,576,24.99,52.92,96518.41,17786,4372
2021-09-11 18:54:02.232445,576,24.99,52.92,96518.41,17786,4372
2021-09-11 18:54:10.248408,578,24.99,52.92,96519.75,17760,4369
2021-09-11 18:54:15.269466,578,24.99,52.92,96519.75,17760,4369
2021-09-11 18:54:20.266531,578,24.99,52.92,96519.75,17760,4369
2021-09-11 18:54:28.354588,580,24.99,52.96,96519.86,17592,4370
2021-09-11 18:54:33.331716,580,24.99,52.96,96519.86,17592,4370
2021-09-11 18:54:38.336024,585,24.98,52.99,96518.88,17292,4370
2021-09-11 18:54:49.477715,585,24.98,52.99,96518.88,17292,4370
2021-09-11 18:54:54.477328,590,24.98,53.02,96519.92,16960,4369
2021-09-11 18:54:59.457526,590,24.98,53.02,96519.92,16960,4369
2021-09-11 18:55:04.462629,590,24.98,53.02,96519.92,16960,4369
2021-09-11 18:55:09.479054,590,24.98,53.02,96519.92,16960,4369
2021-09-11 18:55:17.523589,595,24.98,53.03,96517.89,16766,4372
2021-09-11 18:55:25.574277,595,24.98,53.03,96517.89,16766,4372
2021-09-11 18:55:39.641361,601,24.99,53.04,96519.23,16728,4371
2021-09-11 18:55:44.636847,605,24.98,53.05,96518.88,16656,4371
2021-09-11 18:55:52.663415,605,24.98,53.05,96518.88,16656,4371
2021-09-11 18:56:00.681192,605,24.98,53.05,96518.88,16656,4371
2021-09-11 18:56:05.685146,609,24.99,53.07,96521.2,16778,4373
2021-09-11 18:56:22.875389,612,24.98,53.08,96521.08,16624,4372
2021-09-11 18:56:30.984015,612,24.98,53.08,96521.08,16624,4372
2021-09-11 18:56:39.013784,618,24.98,53.07,96519.4,16546,4369
2021-09-11 18:56:44.000150,618,24.98,53.07,96519.4,16546,4369
2021-09-11 18:56:49.004213,618,24.98,53.07,96519.4,16546,4369
2021-09-11 18:56:57.083979,624,24.98,53.09,96521.72,16572,4372
2021-09-11 18:57:08.204835,629,24.98,53.1,96520.85,16530,4370
2021-09-11 18:57:25.408288,633,24.98,53.1,96521.55,16564,4371
2021-09-11 18:57:33.478962,633,24.98,53.1,96521.55,16564,4371
2021-09-11 18:57:38.450217,633,24.98,53.1,96521.55,16564,4371
2021-09-11 18:58:04.748856,636,24.98,53.1,96522.36,16532,4372
2021-09-11 18:58:09.757448,636,24.98,53.1,96522.36,16532,4372
2021-09-11 18:58:14.756429,638,24.98,53.1,96523.23,16524,4371
2021-09-11 18:58:19.756702,638,24.98,53.1,96523.23,16524,4371
2021-09-11 18:58:24.763438,638,24.98,53.1,96523.23,16524,4371
2021-09-11 18:58:41.964347,639,24.98,53.12,96522.47,16514,4370
2021-09-11 18:58:59.234372,639,24.98,53.12,96522.42,16530,4371
2021-09-11 18:59:10.233280,639,24.98,53.12,96523.0,16526,4371
2021-09-11 18:59:15.263247,639,24.98,53.12,96523.0,16526,4371
2021-09-11 18:59:20.293174,639,24.98,53.12,96522.36,16548,4372
2021-09-11 18:59:25.255228,639,24.98,53.12,96522.36,16548,4372
2021-09-11 18:59:30.250922,639,24.98,53.12,96522.36,16548,4372
2021-09-11 18:59:35.245819,639,24.98,53.12,96522.36,16548,4372
2021-09-11 18:59:40.265794,638,24.97,53.11,96521.6,16684,4370
2021-09-11 18:59:54.409749,636,24.98,53.13,96524.56,16710,4371
2021-09-11 19:00:02.464197,636,24.98,53.13,96524.56,16710,4371
2021-09-11 19:00:07.476772,636,24.98,53.13,96524.56,16710,4371
2021-09-11 19:00:12.481796,635,24.98,53.13,96520.97,16908,4370
2021-09-11 19:00:20.516995,635,24.98,53.13,96520.97,16908,4370
2021-09-11 19:00:25.503167,635,24.98,53.13,96520.97,16908,4370
2021-09-11 19:00:30.505907,634,24.98,53.12,96524.5,16832,4370
2021-09-11 19:00:38.642983,634,24.98,53.12,96524.5,16832,4370
2021-09-11 19:00:43.597217,633,24.98,53.14,96525.37,16778,4371
2021-09-11 19:00:54.647272,633,24.98,53.14,96525.37,16778,4371
2021-09-11 19:00:59.661930,632,24.98,53.15,96524.45,16570,4372
2021-09-11 19:01:26.011660,630,24.97,53.14,96522.42,16460,4371
2021-09-11 19:01:43.164931,629,24.97,53.14,96523.81,16488,4368
2021-09-11 19:01:51.195564,628,24.97,53.13,96523.34,16418,4371
2021-09-11 19:02:05.293986,628,24.97,53.13,96523.34,16418,4371
2021-09-11 19:02:10.294743,626,24.97,53.14,96524.33,16486,4370
2021-09-11 19:02:21.415180,626,24.97,53.14,96524.33,16486,4370
2021-09-11 19:02:26.436071,624,24.97,53.13,96524.21,16554,4370
2021-09-11 19:02:31.478153,624,24.97,53.13,96524.21,16554,4370
2021-09-11 19:02:36.427404,624,24.97,53.13,96524.21,16554,4370
2021-09-11 19:02:41.422864,622,24.97,53.13,96526.01,16396,4369
2021-09-11 19:02:46.447351,622,24.97,53.13,96526.01,16396,4369
2021-09-11 19:02:54.489366,622,24.97,53.13,96526.01,16396,4369
2021-09-11 19:03:20.812343,617,24.97,53.14,96524.74,16410,4368
2021-09-11 19:03:25.831933,617,24.97,53.14,96524.74,16410,4368
2021-09-11 19:03:30.816721,615,24.97,53.15,96526.19,16368,4369
2021-09-11 19:03:35.839245,615,24.97,53.15,96526.19,16368,4369
2021-09-11 19:03:40.825952,615,24.97,53.15,96526.19,16368,4369
2021-09-11 19:03:45.824232,613,24.96,53.14,96523.29,16424,4369
2021-09-11 19:04:06.088487,611,24.97,53.15,96525.78,16384,4368
2021-09-11 19:04:20.164803,609,24.96,53.15,96524.1,16418,4369
2021-09-11 19:04:25.202843,609,24.96,53.15,96524.1,16418,4369
2021-09-11 19:04:36.246239,606,24.96,53.17,96523.98,16404,4370
2021-09-11 19:04:41.241056,606,24.96,53.17,96523.98,16404,4370
2021-09-11 19:04:46.288535,606,24.96,53.17,96523.98,16404,4370
2021-09-11 19:04:51.250139,606,24.96,53.17,96523.98,16404,4370
2021-09-11 19:04:56.260418,605,24.96,53.19,96526.42,16426,4370
2021-09-11 19:05:04.311499,605,24.96,53.19,96526.42,16426,4370
2021-09-11 19:05:09.319328,605,24.96,53.19,96526.42,16426,4370
2021-09-11 19:05:14.304849,604,24.96,53.18,96526.01,16416,4369
2021-09-11 19:05:28.392699,603,24.95,53.17,96525.66,16448,4369
2021-09-11 19:05:33.394291,603,24.95,53.17,96525.66,16448,4369
2021-09-11 19:05:44.505928,601,24.96,53.18,96524.68,16418,4369
2021-09-11 19:05:52.574270,601,24.96,53.18,96524.68,16418,4369
2021-09-11 19:06:00.646635,599,24.96,53.19,96524.85,16410,4370
2021-09-11 19:06:14.814141,599,24.96,53.19,96524.85,16410,4370
2021-09-11 19:06:19.796720,597,24.95,53.2,96525.55,16442,4369
2021-09-11 19:06:24.800715,597,24.95,53.2,96525.55,16442,4369
2021-09-11 19:06:29.824755,597,24.95,53.2,96525.55,16442,4369
2021-09-11 19:06:47.036335,596,24.95,53.19,96525.55,16466,4368
2021-09-11 19:06:58.133121,595,24.95,53.19,96524.62,16768,4371
2021-09-11 19:07:03.116864,595,24.95,53.19,96524.62,16768,4371
2021-09-11 19:07:08.126379,593,24.94,53.19,96522.47,17092,4369
2021-09-11 19:07:13.111901,593,24.94,53.19,96522.47,17092,4369
2021-09-11 19:07:24.237675,592,24.94,53.19,96523.4,17354,4370
2021-09-11 19:07:41.361580,590,24.94,53.19,96524.62,17584,4370
2021-09-11 19:07:52.457480,590,24.94,53.19,96524.62,17584,4370
2021-09-11 19:07:57.472986,589,24.94,53.23,96523.57,17624,4369
2021-09-11 19:08:14.694867,588,24.93,53.23,96524.5,17684,4369
2021-09-11 19:08:19.680692,588,24.93,53.23,96524.5,17684,4369
2021-09-11 19:08:27.710107,588,24.93,53.23,96525.14,17680,4370
2021-09-11 19:08:35.770687,588,24.93,53.23,96525.14,17680,4370
2021-09-11 19:08:40.774581,588,24.93,53.23,96525.14,17680,4370
2021-09-11 19:08:45.857356,588,24.93,53.23,96525.14,17680,4370
2021-09-11 19:08:59.944205,587,24.93,53.24,96524.68,17670,4368
2021-09-11 19:09:04.946455,587,24.93,53.28,96525.55,17640,4371
2021-09-11 19:09:22.140194,586,24.92,53.27,96522.36,17604,4372
2021-09-11 19:09:33.185702,586,24.92,53.27,96522.36,17604,4372
2021-09-11 19:09:56.440724,586,24.92,53.29,96521.43,17758,4371
2021-09-11 19:10:01.444798,586,24.92,53.29,96521.43,17758,4371
2021-09-11 19:10:06.443705,586,24.92,53.29,96521.43,17758,4371
2021-09-11 19:10:14.478005,585,24.92,53.3,96525.2,17722,4370
2021-09-11 19:10:22.514374,585,24.92,53.3,96525.2,17722,4370
2021-09-11 19:10:30.524557,585,24.92,53.3,96524.91,17768,4370
2021-09-11 19:10:35.552858,585,24.92,53.3,96524.91,17768,4370
2021-09-11 19:10:40.529819,585,24.92,53.3,96524.91,17768,4370
2021-09-11 19:10:48.588993,586,24.92,53.31,96523.52,17592,4370
2021-09-11 19:10:53.583572,586,24.92,53.31,96523.52,17592,4370
2021-09-11 19:11:13.779345,586,24.91,53.32,96524.5,17542,4371
2021-09-11 19:11:21.797106,587,24.92,53.36,96524.5,17546,4371
2021-09-11 19:11:29.826394,587,24.92,53.36,96524.5,17546,4371
2021-09-11 19:11:47.008273,587,24.91,53.4,96523.69,17460,4368
2021-09-11 19:11:52.007033,587,24.91,53.4,96523.69,17460,4368
2021-09-11 19:11:57.038738,587,24.91,53.4,96523.69,17460,4368
2021-09-11 19:12:02.034190,587,24.91,53.4,96523.69,17460,4368
2021-09-11 19:12:07.015398,588,24.91,53.41,96524.21,17448,4367
2021-09-11 19:12:27.199453,588,24.91,53.41,96525.08,17376,4371
2021-09-11 19:12:32.186506,588,24.91,53.41,96525.08,17376,4371
2021-09-11 19:12:37.193332,588,24.91,53.43,96525.43,17308,4371
2021-09-11 19:12:45.279883,588,24.91,53.43,96525.43,17308,4371
2021-09-11 19:13:02.413563,589,24.91,53.43,96524.38,17148,4370
2021-09-11 19:13:13.509463,589,24.91,53.44,96524.73,17046,4369
2021-09-11 19:13:24.633974,589,24.91,53.44,96524.73,17046,4369
2021-09-11 19:13:29.640933,588,24.9,53.45,96525.89,16880,4368
2021-09-11 19:13:34.618049,588,24.9,53.45,96525.89,16880,4368
2021-09-11 19:13:39.628049,588,24.9,53.45,96525.89,16880,4368
2021-09-11 19:13:47.682203,588,24.9,53.43,96524.67,16780,4370
2021-09-11 19:14:04.914537,588,24.91,53.45,96526.07,16502,4370
2021-09-11 19:14:19.003112,587,24.9,53.45,96524.44,16386,4372
2021-09-11 19:14:24.010433,587,24.9,53.45,96524.44,16386,4372
2021-09-11 19:14:32.043478,587,24.9,53.45,96524.44,16386,4372
2021-09-11 19:14:40.069697,587,24.9,53.46,96522.82,16400,4370
2021-09-11 19:14:51.156150,585,24.9,53.47,96524.85,16436,4369
2021-09-11 19:14:56.174770,585,24.9,53.47,96524.85,16436,4369
2021-09-11 19:15:10.278335,585,24.9,53.45,96525.83,16472,4369
2021-09-11 19:15:15.286095,585,24.9,53.45,96525.83,16472,4369
2021-09-11 19:15:29.397119,584,24.9,53.48,96525.83,16412,4371
2021-09-11 19:15:40.503572,582,24.9,53.47,96525.66,16428,4371
2021-09-11 19:15:45.501485,582,24.9,53.47,96525.66,16428,4371
2021-09-11 19:15:59.560822,581,24.91,53.48,96525.31,16376,4370
2021-09-11 19:16:07.617597,581,24.91,53.48,96525.31,16376,4370
2021-09-11 19:16:21.748949,581,24.9,53.48,96525.54,16440,4371
2021-09-11 19:16:26.736379,581,24.9,53.48,96525.54,16440,4371
2021-09-11 19:16:37.828279,580,24.9,53.48,96526.12,16436,4372
2021-09-11 19:16:42.839469,580,24.9,53.48,96526.12,16436,4372
2021-09-11 19:17:03.076683,579,24.9,53.51,96524.04,16484,4368
2021-09-11 19:17:08.072882,579,24.9,53.51,96524.04,16484,4368
2021-09-11 19:17:13.074439,579,24.9,53.51,96524.04,16484,4368
2021-09-11 19:17:21.163463,577,24.9,53.52,96524.91,16442,4370
2021-09-11 19:17:32.237201,577,24.9,53.52,96524.91,16442,4370
2021-09-11 19:17:46.372611,576,24.9,53.53,96525.08,16354,4370
2021-09-11 19:18:03.492038,576,24.9,53.51,96525.83,16364,4371
2021-09-11 19:18:14.616911,574,24.9,53.53,96525.37,16350,4370
2021-09-11 19:18:43.910574,572,24.9,53.55,96525.54,16390,4371
2021-09-11 19:18:48.906972,572,24.9,53.55,96525.54,16390,4371
2021-09-11 19:18:56.969724,572,24.9,53.55,96525.54,16390,4371
2021-09-11 19:19:04.996380,571,24.9,53.56,96524.5,16410,4369
2021-09-11 19:19:09.992320,571,24.9,53.56,96524.5,16410,4369
2021-09-11 19:19:18.086935,570,24.9,53.59,96524.04,16246,4369
2021-09-11 19:19:26.064800,570,24.9,53.59,96524.04,16246,4369
2021-09-11 19:19:31.105345,569,24.89,53.59,96525.14,16232,4368
2021-09-11 19:19:51.296795,568,24.89,53.59,96523.86,16268,4371
2021-09-11 19:19:56.348334,568,24.89,53.59,96523.86,16268,4371
2021-09-11 19:20:01.303604,568,24.89,53.59,96523.86,16268,4371
2021-09-11 19:20:18.458132,567,24.9,53.61,96526.94,16192,4372
2021-09-11 19:20:23.498288,566,24.89,53.63,96526.01,16282,4369
2021-09-11 19:20:28.484515,566,24.89,53.63,96526.01,16282,4369
2021-09-11 19:20:36.504777,566,24.89,53.63,96526.01,16282,4369
2021-09-11 19:20:41.511989,564,24.89,53.63,96525.08,16296,4370
2021-09-11 19:20:46.524357,564,24.89,53.63,96525.08,16296,4370
2021-09-11 19:21:00.666068,564,24.89,53.63,96523.92,16224,4369
2021-09-11 19:21:05.653605,564,24.89,53.63,96523.92,16224,4369
2021-09-11 19:21:13.747042,563,24.9,53.65,96523.46,16248,4370
2021-09-11 19:21:21.805335,563,24.9,53.65,96523.46,16248,4370
2021-09-11 19:21:26.810629,563,24.9,53.65,96523.46,16248,4370
2021-09-11 19:21:34.851371,562,24.88,53.64,96521.66,16256,4372
2021-09-11 19:21:48.975915,562,24.89,53.64,96523.22,16302,4370
2021-09-11 19:22:03.099076,562,24.88,53.67,96524.73,16202,4370
2021-09-11 19:22:11.131226,562,24.88,53.67,96524.73,16202,4370
2021-09-11 19:22:19.196288,560,24.88,53.68,96523.34,16204,4371
2021-09-11 19:22:27.294813,560,24.88,53.68,96523.34,16204,4371
2021-09-11 19:22:32.261612,560,24.88,53.68,96523.34,16204,4371
2021-09-11 19:22:49.438519,559,24.87,53.67,96522.06,16182,4370
2021-09-11 19:23:00.530335,558,24.88,53.68,96524.27,16164,4368
2021-09-11 19:23:05.529613,558,24.88,53.68,96524.27,16164,4368
2021-09-11 19:23:10.563597,557,24.87,53.69,96524.9,16242,4370
2021-09-11 19:23:21.645736,557,24.87,53.69,96524.9,16242,4370
2021-09-11 19:23:29.710076,556,24.87,53.7,96524.61,16290,4368
2021-09-11 19:23:37.794518,556,24.87,53.7,96524.61,16290,4368
2021-09-11 19:23:48.832962,555,24.87,53.73,96523.8,16218,4371
2021-09-11 19:23:53.837872,555,24.87,53.73,96523.8,16218,4371
2021-09-11 19:24:01.942706,554,24.87,53.73,96525.77,16192,4369
2021-09-11 19:24:13.006908,554,24.87,53.73,96525.77,16192,4369
2021-09-11 19:24:18.008599,554,24.86,53.73,96524.61,16144,4370
2021-09-11 19:24:32.144188,553,24.86,53.72,96523.57,16208,4371
2021-09-11 19:24:40.172838,553,24.86,53.72,96523.57,16208,4371
2021-09-11 19:24:45.160843,553,24.86,53.72,96523.57,16208,4371
2021-09-11 19:24:50.177176,553,24.86,53.74,96522.87,16178,4370
2021-09-11 19:25:01.271924,553,24.86,53.74,96522.87,16178,4370
2021-09-11 19:25:12.315431,552,24.86,53.74,96522.87,16190,4370
2021-09-11 19:25:17.297549,552,24.86,53.74,96522.87,16190,4370
2021-09-11 19:25:28.361351,552,24.85,53.74,96523.86,16178,4370
2021-09-11 19:25:48.619958,551,24.85,53.76,96524.15,16146,4370
2021-09-11 19:25:56.649636,550,24.85,53.77,96524.09,16124,4369
2021-09-11 19:26:16.942050,549,24.85,53.77,96523.51,16126,4370
2021-09-11 19:26:25.020678,549,24.85,53.77,96523.51,16126,4370
2021-09-11 19:26:33.054602,548,24.85,53.78,96524.9,16174,4369
2021-09-11 19:26:47.224803,546,24.84,53.79,96524.67,16138,4370
2021-09-11 19:26:52.230043,546,24.84,53.79,96524.67,16138,4370
2021-09-11 19:26:57.229968,546,24.84,53.79,96524.67,16138,4370
2021-09-11 19:27:05.296589,545,24.84,53.78,96524.44,16180,4369
2021-09-11 19:27:16.429839,544,24.85,53.79,96526.81,16108,4370
2021-09-11 19:27:33.566652,544,24.85,53.79,96526.81,16108,4370
2021-09-11 19:27:44.655248,544,24.84,53.81,96526.12,16134,4370
2021-09-11 19:27:50.927944,543,24.83,53.8,96524.73,16124,4371
2021-09-11 19:28:21.084497,543,24.84,53.8,96526.12,16174,4372
2021-09-11 19:28:56.151123,542,24.83,53.83,96527.22,16192,4371
2021-09-11 19:29:48.425803,542,24.83,53.82,96527.86,16056,4372
2021-09-11 19:30:18.620556,541,24.82,53.82,96526.87,16058,4371
2021-09-11 19:30:41.847865,541,24.82,53.82,96526.52,16126,4368
2021-09-11 19:31:16.923074,539,24.81,53.81,96526.64,15930,4370
2021-09-11 19:31:47.048564,536,24.81,53.81,96527.62,16004,4368
2021-09-11 19:32:27.207784,533,24.81,53.81,96527.28,15966,4367
2021-09-11 19:33:02.327938,531,24.81,53.81,96530.0,15956,4370
2021-09-11 19:33:37.522177,530,24.8,53.81,96529.36,15922,4369
2021-09-11 19:34:22.859802,528,24.8,53.81,96529.83,15882,4371
2021-09-11 19:34:52.977531,528,24.79,53.81,96531.04,15820,4368
2021-09-11 19:35:28.046459,528,24.79,53.82,96529.53,15850,4369
2021-09-11 19:35:58.175132,528,24.79,53.81,96529.07,15812,4369
2021-09-11 19:36:28.216134,525,24.79,53.8,96532.26,15828,4369
2021-09-11 19:37:03.271223,523,24.79,53.81,96533.3,15832,4369
2021-09-11 19:37:33.413952,523,24.78,53.84,96533.59,15774,4369
2021-09-11 19:38:13.497789,522,24.79,53.83,96533.13,15840,4370
2021-09-11 19:38:43.624868,522,24.78,53.83,96533.42,15782,4369
2021-09-11 19:39:13.657446,522,24.78,53.81,96532.32,15810,4369
2021-09-11 19:39:43.686071,522,24.78,53.82,96532.95,15810,4371
2021-09-11 19:40:23.785603,522,24.78,53.8,96534.81,15802,4369
2021-09-11 19:40:53.931918,522,24.77,53.77,96532.26,15704,4371
2021-09-11 19:47:32.162843,513,24.73,53.27,96539.91,15366,4369
2021-09-11 19:48:27.379785,510,24.73,53.22,96541.24,15360,4371
2021-09-11 19:54:47.670349,497,24.67,53.03,96540.76,14992,4369
2021-09-11 19:55:27.879884,496,24.68,53.0,96541.69,14896,4370
2021-09-11 19:56:08.112953,496,24.67,53.01,96540.07,14898,4369
2021-09-11 19:56:38.242792,495,24.65,53.02,96540.82,14872,4370
2021-09-11 19:57:08.298552,495,24.65,53.05,96540.12,14866,4371
2021-09-11 19:57:43.344702,494,24.65,53.06,96540.64,14774,4370
2021-09-11 19:58:33.625546,494,24.64,53.07,96543.54,14736,4370
2021-09-11 19:59:13.881495,494,24.64,53.12,96543.31,14686,4370
2021-09-11 20:00:14.208289,493,24.63,53.17,96543.07,14626,4368
2021-09-11 20:00:44.377385,493,24.62,53.22,96543.42,14644,4369
2021-09-11 20:01:14.373084,493,24.62,53.23,96544.46,14538,4370
2021-09-11 20:01:44.422831,492,24.61,53.26,96541.97,14544,4369
2021-09-11 20:02:24.506307,492,24.61,53.3,96543.77,14520,4371
2021-09-11 20:02:54.653882,492,24.6,53.32,96543.3,14464,4371
2021-09-11 20:03:29.702078,492,24.6,53.35,96546.72,14440,4369
2021-09-11 20:04:04.879346,492,24.6,53.39,96548.69,14426,4371
2021-09-11 20:04:35.026157,492,24.59,53.42,96547.24,14526,4370
2021-09-11 20:05:05.029217,492,24.59,53.44,96547.82,14414,4370
2021-09-11 20:05:35.093634,492,24.59,53.46,96549.91,14380,4371
2021-09-11 20:06:35.420606,492,24.58,53.46,96552.8,14462,4369
2021-09-11 20:07:10.606901,491,24.57,53.49,96553.79,14458,4371
2021-09-11 20:07:45.806576,491,24.58,53.52,96555.7,14304,4369
2021-09-11 20:08:15.958324,491,24.57,53.52,96554.77,14346,4369
2021-09-11 20:08:56.007631,491,24.56,53.53,96555.75,14320,4369
2021-09-11 20:09:26.141224,491,24.57,53.53,96556.57,14402,4370
2021-09-11 20:10:01.225588,492,24.56,53.56,96554.25,14402,4371
2021-09-11 20:10:36.387250,491,24.56,53.56,96556.16,14406,4371
2021-09-11 20:11:16.606307,492,24.55,53.59,96557.78,14362,4369
2021-09-11 20:11:46.744930,492,24.55,53.61,96556.45,14266,4370
2021-09-11 20:12:41.966141,494,24.55,53.67,96559.69,14342,4370
2021-09-11 20:13:12.124332,498,24.54,53.78,96560.27,14352,4370
2021-09-11 20:13:47.185860,503,24.54,53.8,96557.43,14364,4369
2021-09-11 20:14:32.447827,507,24.54,53.81,96562.59,14332,4367
2021-09-11 20:15:07.643346,512,24.55,53.8,96562.65,14276,4369
2021-09-11 20:15:37.761587,519,24.54,53.82,96564.16,14314,4371
2021-09-11 20:16:12.806867,525,24.54,53.83,96562.41,14300,4368
2021-09-11 20:16:42.952760,530,24.54,53.84,96565.84,14238,4368
2021-09-11 20:17:12.997557,537,24.53,53.85,96565.49,14330,4369
2021-09-11 20:17:43.005226,543,24.54,53.87,96569.2,14290,4372
2021-09-11 20:18:13.060566,548,24.54,53.86,96570.94,14278,4371
2021-09-11 20:19:03.203919,558,24.54,53.88,96570.24,14192,4369
2021-09-11 20:20:03.613701,562,24.54,53.89,96572.62,14162,4370
2021-09-11 20:20:33.770826,568,24.54,53.91,96573.72,14158,4371
2021-09-11 20:21:03.829165,569,24.54,53.91,96575.29,14106,4371
2021-09-11 20:21:33.799546,571,24.55,53.94,96575.58,14182,4370
2021-09-11 20:22:29.064777,578,24.54,53.93,96576.33,14188,4371
2021-09-11 20:22:59.194971,583,24.54,53.95,96576.68,14180,4373
2021-09-11 20:23:34.277920,586,24.54,53.96,96577.84,14176,4369
2021-09-11 20:24:04.405648,590,24.55,53.96,96578.53,14170,4370
2021-09-11 20:24:34.416949,597,24.54,53.98,96578.18,14156,4370
2021-09-11 20:25:14.488622,603,24.54,53.98,96580.39,14218,4367
2021-09-11 20:25:44.620152,607,24.54,53.99,96580.39,14194,4370
2021-09-11 20:26:24.701227,611,24.54,54.01,96583.4,14080,4369
2021-09-11 20:26:54.843763,617,24.54,54.03,96582.41,14144,4369
2021-09-11 20:27:24.910373,622,24.54,54.04,96584.85,14114,4370
2021-09-11 20:27:54.886893,624,24.54,54.05,96584.79,14104,4370
2021-09-11 20:28:29.971239,628,24.53,54.05,96586.36,14132,4369
2021-09-11 20:29:00.079167,630,24.54,54.06,96588.1,14094,4371
2021-09-11 20:29:35.160596,634,24.53,54.08,96588.96,14118,4370
2021-09-11 20:30:20.451265,642,24.53,54.08,96589.66,14136,4371
2021-09-11 20:30:50.555823,643,24.54,54.1,96590.94,14090,4372
2021-09-11 20:31:30.655740,645,24.53,54.11,96592.96,14144,4369
2021-09-11 20:32:00.798655,647,24.53,54.1,96594.36,14216,4371
2021-09-11 20:32:30.796641,647,24.54,54.13,96596.39,14160,4370
2021-09-11 20:33:00.825829,648,24.52,54.11,96594.12,14088,4371
2021-09-11 20:33:30.831576,648,24.53,54.15,96595.74,14184,4369
2021-09-11 20:34:00.858011,649,24.53,54.15,96598.3,14156,4371
2021-09-11 20:34:35.914335,652,24.53,54.14,96598.41,14162,4372
2021-09-11 20:35:11.145362,654,24.52,54.18,96596.15,14170,4367
2021-09-11 20:35:51.357873,658,24.53,54.19,96599.45,14118,4369
2021-09-11 20:36:31.571022,662,24.53,54.2,96603.45,14186,4370
2021-09-11 20:37:01.709245,665,24.53,54.22,96603.22,14174,4371
2021-09-11 20:37:36.770760,669,24.52,54.22,96603.86,14182,4369
2021-09-11 20:38:37.158774,675,24.53,54.25,96607.05,14124,4369
2021-09-11 20:39:07.294394,676,24.52,54.24,96606.87,14190,4370
2021-09-11 20:39:37.329774,680,24.53,54.27,96608.61,14118,4369
2021-09-11 20:40:12.373219,684,24.52,54.26,96610.52,14174,4367
2021-09-11 20:40:52.591652,689,24.52,54.29,96611.1,14100,4372
2021-09-11 20:41:27.801721,691,24.52,54.3,96611.05,14120,4369
2021-09-11 20:42:13.004711,694,24.52,54.3,96610.87,14170,4370
2021-09-11 20:42:43.148441,697,24.52,54.32,96610.29,14186,4369
2021-09-11 20:43:28.268416,701,24.52,54.34,96611.33,14136,4370
2021-09-11 20:43:58.432509,705,24.52,54.34,96610.99,14240,4370
2021-09-11 20:44:28.453766,708,24.52,54.37,96610.35,14184,4372
2021-09-11 20:45:03.494194,711,24.51,54.36,96611.28,14172,4371
2021-09-11 20:45:48.773150,713,24.52,54.38,96612.55,14216,4371
2021-09-11 20:46:34.052084,720,24.51,54.38,96611.74,14154,4369
2021-09-11 20:47:04.165214,722,24.51,54.41,96612.55,14188,4369
2021-09-11 20:47:44.295762,724,24.51,54.41,96613.48,14204,4372
2021-09-11 20:48:24.542313,729,24.5,54.42,96612.95,14136,4372
2021-09-11 20:48:54.696649,731,24.5,54.42,96613.13,14168,4371
2021-09-11 20:49:29.767206,734,24.5,54.44,96612.02,14202,4371
2021-09-11 20:49:59.897374,737,24.5,54.46,96613.59,14180,4371
2021-09-11 20:50:29.921363,739,24.5,54.46,96612.25,14168,4370
2021-09-11 20:51:10.022393,744,24.5,54.47,96616.14,14202,4373
2021-09-11 20:51:50.213696,747,24.49,54.47,96614.69,14226,4371
2021-09-11 20:52:35.455374,754,24.5,54.49,96618.51,14138,4371
2021-09-11 20:53:10.677817,756,24.5,54.51,96618.34,14168,4371
2021-09-11 20:53:40.804849,760,24.49,54.51,96615.67,14192,4371
2021-09-11 20:54:20.951542,763,24.48,54.52,96616.19,14146,4370
2021-09-11 20:54:56.124655,766,24.5,54.53,96618.51,14164,4369
2021-09-11 20:55:26.285842,769,24.48,54.56,96615.49,14178,4371
2021-09-11 20:56:01.333605,773,24.49,54.57,96618.86,14140,4371
2021-09-11 20:56:36.477426,777,24.48,54.56,96618.05,14152,4371
2021-09-11 20:57:06.616469,780,24.48,54.57,96617.64,14112,4369
2021-09-11 20:57:46.713534,783,24.49,54.59,96616.71,14216,4370
2021-09-11 20:58:21.891570,787,24.47,54.6,96616.77,14096,4372
2021-09-11 20:59:02.080939,790,24.47,54.61,96617.93,14022,4372
2021-09-11 20:59:32.243980,794,24.48,54.62,96616.54,14038,4370
2021-09-11 21:00:02.298913,796,24.47,54.64,96614.45,14104,4370
2021-09-11 21:00:32.301028,800,24.48,54.66,96615.61,14064,4370
2021-09-11 21:01:17.480497,805,24.47,54.66,96615.84,14036,4370
2021-09-11 21:01:52.639119,811,24.47,54.67,96614.68,14062,4371
2021-09-11 21:02:22.787420,812,24.47,54.69,96613.52,14060,4371
2021-09-11 21:02:52.820895,814,24.46,54.68,96613.4,14076,4369
2021-09-11 21:03:22.841066,819,24.47,54.71,96616.65,14030,4370
2021-09-11 21:03:52.857776,823,24.45,54.74,96614.61,13998,4369
2021-09-11 21:04:27.963929,827,24.47,54.73,96618.33,14052,4371
2021-09-11 21:04:58.080471,831,24.45,54.73,96616.18,14084,4370
2021-09-11 21:05:38.185065,835,24.45,54.73,96616.01,14022,4371
2021-09-11 21:06:28.465009,840,24.46,54.78,96617.28,14088,4370
2021-09-11 21:06:58.622072,842,24.45,54.79,96616.29,14072,4371
2021-09-11 21:07:38.730565,844,24.45,54.78,96618.61,14006,4371
2021-09-11 21:08:13.912409,848,24.45,54.83,96619.54,14098,4370
2021-09-11 21:08:49.084729,851,24.45,54.85,96620.06,14088,4371
2021-09-11 21:09:19.208044,853,24.45,54.83,96620.76,14048,4372
2021-09-11 21:09:59.338729,858,24.44,54.85,96618.15,14010,4372
2021-09-11 21:10:29.505096,861,24.44,54.87,96619.71,13980,4369
2021-09-11 21:11:04.593564,865,24.44,54.88,96616.75,14072,4370
2021-09-11 21:11:34.659526,868,24.44,54.9,96620.47,14092,4369
2021-09-11 21:12:14.805878,872,24.44,54.88,96619.25,14084,4370
2021-09-11 21:13:05.091144,875,24.44,54.92,96619.59,14076,4371
2021-09-11 21:13:40.311801,878,24.45,54.94,96619.48,14044,4370
2021-09-11 21:14:10.390414,881,24.44,54.93,96620.99,14118,4370
2021-09-11 21:14:45.464362,885,24.44,54.95,96620.64,14102,4370
2021-09-11 21:15:15.618427,886,24.43,54.95,96619.36,14022,4371
2021-09-11 21:15:50.616843,888,24.44,54.96,96619.59,14008,4370
2021-09-11 21:16:25.803535,891,24.44,54.95,96620.52,14042,4371
2021-09-11 21:17:06.000446,895,24.44,54.99,96621.85,14108,4372
2021-09-11 21:17:56.275110,898,24.43,55.0,96623.24,14060,4371
2021-09-11 21:18:31.449915,902,24.43,55.01,96623.01,14048,4371
2021-09-11 21:19:01.585987,905,24.43,55.03,96623.41,13980,4370
2021-09-11 21:19:31.630864,906,24.42,55.06,96622.25,14070,4370
2021-09-11 21:20:01.649336,909,24.42,55.05,96622.89,13986,4370
2021-09-11 21:20:31.681688,911,24.43,55.06,96624.23,14034,4370
2021-09-11 21:21:01.697563,915,24.43,55.06,96625.27,14052,4368
2021-09-11 21:21:31.724287,918,24.43,55.08,96624.52,14052,4371
2021-09-11 21:22:01.787569,918,24.43,55.08,96625.62,14058,4371
2021-09-11 21:22:31.771650,918,24.43,55.06,96625.09,14106,4367
2021-09-11 21:23:06.841375,918,24.43,55.02,96628.34,13986,4370
2021-09-11 21:23:47.051296,914,24.41,54.92,96625.15,14020,4368
2021-09-11 21:24:42.372376,907,24.41,54.85,96626.07,14036,4371
2021-09-11 21:25:22.586858,899,24.42,54.85,96626.08,14072,4369
2021-09-11 21:26:17.881765,885,24.4,54.81,96625.61,14044,4370
2021-09-11 21:26:48.012096,873,24.41,54.77,96627.23,14060,4371
2021-09-11 21:27:23.063211,860,24.4,54.74,96626.12,14016,4370
2021-09-11 21:27:58.245413,847,24.39,54.72,96626.76,14062,4370
2021-09-11 21:28:38.429678,836,24.39,54.68,96625.25,14072,4368
2021-09-11 21:29:13.603730,825,24.38,54.65,96627.22,14118,4371
2021-09-11 21:29:58.856875,808,24.39,54.61,96628.32,14100,4371
2021-09-11 21:30:28.999059,797,24.38,54.56,96629.88,14070,4370
2021-09-11 21:31:04.052941,775,24.37,54.54,96626.63,13982,4369
2021-09-11 21:31:39.195424,767,24.37,54.5,96627.73,13984,4368
2021-09-11 21:32:14.372876,761,24.36,54.5,96629.88,14070,4369
2021-09-11 21:32:44.494946,752,24.36,54.48,96629.82,14042,4369
2021-09-11 21:33:24.589509,743,24.35,54.44,96630.68,14106,4369
2021-09-11 21:34:19.900068,730,24.36,54.4,96631.61,14070,4369
2021-09-11 21:34:50.044727,726,24.34,54.38,96629.4,14110,4370
2021-09-11 21:35:30.140128,718,24.33,54.34,96631.25,14048,4372
2021-09-11 21:36:30.526238,711,24.33,54.31,96632.35,14130,4371
2021-09-11 21:37:05.683933,710,24.33,54.29,96633.68,14150,4370
2021-09-11 21:37:35.816544,708,24.32,54.3,96634.49,14090,4372
2021-09-11 21:38:30.999354,707,24.31,54.3,96634.89,14128,4369
2021-09-11 21:39:01.133327,706,24.31,54.29,96637.56,14086,4369
2021-09-11 21:39:41.237435,705,24.31,54.24,96636.86,14118,4369
2021-09-11 21:40:16.409269,703,24.3,54.24,96639.18,14048,4370
2021-09-11 21:41:16.754416,699,24.3,54.24,96641.49,14148,4370
2021-09-11 21:42:17.175120,696,24.29,54.24,96642.47,14146,4371
2021-09-11 21:42:57.334031,694,24.28,54.25,96644.67,14136,4370
2021-09-11 21:43:42.579902,692,24.27,54.25,96644.26,14124,4369
2021-09-11 21:44:22.817879,691,24.27,54.24,96644.72,14096,4370
2021-09-11 21:44:52.951328,691,24.27,54.25,96645.3,14116,4367
2021-09-11 21:45:43.148933,690,24.26,54.25,96645.42,14096,4371
2021-09-11 21:46:28.374368,688,24.26,54.24,96645.01,14168,4369
2021-09-11 21:47:03.552457,686,24.25,54.24,96646.86,14082,4368
2021-09-11 21:47:33.713445,685,24.25,54.25,96646.28,14124,4370
2021-09-11 21:48:33.947287,684,24.25,54.26,96649.0,14064,4370
2021-09-11 21:49:04.098501,683,24.24,54.29,96649.23,14140,4371
2021-09-11 21:50:04.342945,682,24.23,54.28,96648.35,14104,4370
2021-09-11 21:50:49.602180,681,24.24,54.27,96649.11,14160,4370
2021-09-11 21:51:19.714590,680,24.23,54.27,96648.24,14096,4369
2021-09-12 09:32:21.663902,563,21.72,55.13,96579.48,19150,4373
2021-09-12 09:33:01.930695,567,21.73,55.14,96579.72,19698,4371
2021-09-12 09:33:32.093459,572,21.74,55.13,96583.32,18788,4373
2021-09-12 09:34:02.137115,640,21.79,55.65,96586.33,18242,4372
2021-09-12 09:34:37.153687,1000,21.86,57.42,96586.78,18614,4370
2021-09-12 09:35:07.321442,1217,21.89,56.85,96587.81,18584,4371
2021-09-12 09:35:47.412573,1268,21.92,56.42,96589.59,18502,4370
2021-09-12 09:36:17.574685,1235,21.93,56.32,96588.97,18528,4370
2021-09-12 09:36:57.637168,1098,21.93,56.11,96588.97,18550,4371
2021-09-12 09:37:58.000536,918,21.93,55.98,96590.81,18686,4371
2021-09-12 09:38:43.317665,840,21.93,55.92,96591.79,18500,4372
2021-09-12 09:39:13.453375,775,21.93,55.9,96593.41,18438,4372
2021-09-12 09:39:48.498145,726,21.92,55.85,96592.24,18582,4372
2021-09-12 09:40:18.634917,689,21.91,55.82,96590.84,18668,4368
2021-09-12 09:40:58.711391,661,21.9,55.78,96588.58,18618,4372
2021-09-12 09:41:33.884229,623,21.9,55.76,96589.04,18454,4372
2021-09-12 09:42:29.145162,599,21.89,55.74,96587.18,18550,4371
2021-09-12 09:42:59.288859,588,21.9,55.74,96588.52,18676,4371
2021-09-12 09:43:39.381621,579,21.9,55.71,96589.04,18708,4372
2021-09-12 09:44:09.489282,573,21.89,55.67,96587.81,18654,4372
2021-09-12 09:44:39.535062,571,21.89,55.65,96585.56,18742,4372
2021-09-12 09:45:14.575499,571,21.89,55.56,96587.7,18712,4373
2021-09-12 09:45:54.750126,565,21.89,55.49,96586.31,18746,4371
2021-09-12 09:46:24.905412,563,21.89,55.41,96587.47,18662,4372
2021-09-12 09:46:54.935515,562,21.89,55.35,96587.53,18744,4372
2021-09-12 09:47:29.974699,562,21.89,55.31,96586.65,18720,4373
2021-09-12 09:48:05.164475,561,21.89,55.25,96587.34,18746,4375
2021-09-12 09:48:35.312484,560,21.89,55.2,96588.56,18708,4372
2021-09-12 09:49:15.384716,559,21.89,55.18,96589.78,18722,4372
2021-09-12 09:50:05.624094,559,21.89,55.12,96591.69,18796,4372
2021-09-12 09:50:40.803693,559,21.89,55.11,96591.97,18798,4374
2021-09-12 09:51:10.939274,559,21.9,55.07,96592.22,18792,4373
2021-09-12 09:51:40.961809,558,21.9,55.03,96593.26,18756,4370
2021-09-12 09:52:36.161417,557,21.9,54.97,96594.34,18750,4371
2021-09-12 09:53:06.286516,556,21.9,54.96,96592.85,18762,4373
2021-09-12 09:53:51.448600,555,21.9,54.9,96592.74,18760,4371
2021-09-12 09:54:21.581928,555,21.91,54.86,96592.81,18820,4374
2021-09-12 09:54:51.592318,554,21.92,54.82,96594.72,18810,4371
2021-09-12 09:55:31.706976,552,21.91,54.82,96592.12,18858,4374
2021-09-12 09:56:21.990017,551,21.91,54.75,96591.94,18762,4372
2021-09-12 09:56:57.129720,550,21.92,54.71,96593.28,18794,4373
2021-09-12 09:57:37.333283,550,21.92,54.7,96595.54,18844,4370
2021-09-12 09:58:07.489614,550,21.92,54.67,96596.58,18858,4371
2021-09-12 09:58:37.509887,550,21.92,54.66,96597.38,18900,4373
2021-09-12 09:59:07.513246,550,21.92,54.63,96598.77,18886,4375
2021-09-12 09:59:47.599239,550,21.93,54.61,96599.76,18912,4373
2021-09-12 10:00:17.609315,550,21.93,54.6,96599.19,18872,4374
2021-09-12 10:00:47.768469,549,21.94,54.6,96599.48,18964,4372
2021-09-12 10:01:17.776830,549,21.94,54.59,96600.52,18894,4374
2021-09-12 10:01:52.841584,549,21.94,54.56,96600.82,18914,4375
2021-09-12 10:02:43.184925,550,21.94,54.53,96600.53,18894,4371
2021-09-12 10:03:38.519528,550,21.94,54.53,96601.4,18924,4372
2021-09-12 10:04:13.722613,550,21.95,54.51,96601.46,18866,4374
2021-09-12 10:04:48.863856,550,21.95,54.51,96600.08,18884,4374
2021-09-12 10:05:19.017642,550,21.96,54.5,96601.19,18908,4373
2021-09-12 10:06:14.259860,550,21.96,54.47,96601.66,18854,4374
2021-09-12 10:06:44.421375,550,21.96,54.45,96601.19,18878,4373
2021-09-12 10:07:29.510518,550,21.96,54.45,96601.14,18874,4374
2021-09-12 10:07:59.663602,549,21.96,54.44,96601.14,18910,4372
2021-09-12 10:08:44.760800,549,21.97,54.47,96602.08,18482,4372
2021-09-12 10:09:24.949957,549,21.97,54.48,96601.15,18764,4374
2021-09-12 10:10:10.239247,549,21.98,54.46,96603.99,18816,4371
2021-09-12 10:10:40.414498,549,21.98,54.47,96604.28,18894,4373
2021-09-12 10:11:10.422890,549,21.98,54.47,96603.47,18844,4373
2021-09-12 10:11:55.536446,549,21.98,54.46,96604.51,18884,4375
2021-09-12 10:12:30.720243,549,21.99,54.48,96602.57,18456,4373
2021-09-12 10:13:46.178452,550,21.99,54.46,96602.39,18800,4373
2021-09-12 10:14:16.307480,550,21.99,54.47,96605.23,18558,4373
2021-09-12 10:14:51.356536,550,22.0,54.46,96606.04,18710,4374
2021-09-12 10:15:21.487635,550,22.0,54.45,96605.76,18712,4373
2021-09-12 10:15:51.502642,550,22.0,54.46,96603.79,18844,4373
2021-09-12 10:16:36.666006,550,22.0,54.45,96605.65,18878,4374
2021-09-12 10:17:06.786585,550,22.0,54.44,96603.85,18560,4373
2021-09-12 10:17:36.815520,550,22.01,54.42,96605.19,18836,4376
2021-09-12 10:18:06.834958,550,22.01,54.45,96603.8,18808,4373
2021-09-12 10:18:51.985317,549,22.02,54.42,96605.95,18794,4374
2021-09-12 10:19:47.344881,548,22.01,54.4,96604.9,18810,4374
2021-09-12 10:20:22.530619,548,22.02,54.4,96604.52,18706,4373
2021-09-12 10:20:52.683187,546,22.02,54.4,96605.04,18664,4374
2021-09-12 10:21:32.744843,545,22.02,54.43,96605.38,18658,4373
2021-09-12 10:22:17.973076,543,22.04,54.44,96608.41,18684,4373
2021-09-12 10:22:48.117972,542,22.03,54.44,96605.97,18704,4373
2021-09-12 10:23:23.168157,542,22.03,54.45,96605.39,18626,4372
2021-09-12 10:24:03.360495,542,22.04,54.42,96606.27,18630,4370
2021-09-12 10:24:33.488213,541,22.03,54.42,96605.86,18650,4372
2021-09-12 10:25:03.512490,540,22.04,54.42,96605.06,18726,4372
2021-09-12 10:25:33.536688,539,22.04,54.41,96606.97,18704,4372
2021-09-12 10:26:08.587798,537,22.05,54.4,96605.77,18646,4373
2021-09-12 10:26:38.738776,537,22.06,54.42,96606.41,18700,4374
2021-09-12 10:27:08.748839,536,22.05,54.39,96604.84,18764,4373
2021-09-12 10:27:38.786500,536,22.05,54.41,96605.82,18648,4372
2021-09-12 10:28:23.856300,536,22.06,54.39,96605.89,18680,4371
2021-09-12 10:28:59.058163,537,22.06,54.4,96606.71,18728,4370
2021-09-12 10:29:29.166207,537,22.07,54.4,96610.01,18704,4371
2021-09-12 10:29:59.184152,537,22.06,54.4,96607.64,18766,4372
2021-09-12 10:30:29.229012,537,22.07,54.4,96609.73,18686,4372
2021-09-12 10:31:14.398025,538,22.07,54.42,96609.27,18658,4372
2021-09-12 10:31:44.498306,538,22.07,54.41,96612.04,18736,4372
2021-09-12 10:32:34.667588,539,22.08,54.41,96611.41,18626,4372
2021-09-12 10:33:04.787256,540,22.08,54.4,96612.28,18742,4372
2021-09-12 10:33:39.848642,540,22.08,54.4,96611.12,18672,4372
2021-09-12 10:34:50.208401,541,22.09,54.4,96614.9,18770,4372
2021-09-12 10:35:25.373577,542,22.09,54.38,96613.04,18798,4372
2021-09-12 10:36:00.563214,542,22.08,54.39,96612.81,18822,4372
2021-09-12 10:36:35.794818,542,22.09,54.37,96616.52,18850,4373
2021-09-12 10:37:10.957881,543,22.09,54.35,96617.09,18844,4374
2021-09-12 10:38:06.304275,543,22.09,54.33,96620.5,18806,4372
2021-09-12 10:39:01.592335,544,22.1,54.33,96621.49,18760,4372
2021-09-12 10:39:31.765544,543,22.1,54.33,96621.32,18710,4371
2021-09-12 10:40:06.794931,543,22.1,54.33,96620.97,18792,4372
2021-09-12 10:40:47.016549,543,22.1,54.31,96619.71,18806,4370
2021-09-12 10:41:17.163141,544,22.1,54.31,96620.4,18812,4372
2021-09-12 10:41:47.199690,544,22.11,54.31,96620.29,18762,4369
2021-09-12 10:42:17.199622,543,22.12,54.31,96622.09,18838,4370
2021-09-12 10:42:52.306555,543,22.11,54.31,96619.26,18758,4371
2021-09-12 10:43:37.553859,544,22.11,54.3,96618.39,18796,4371
2021-09-12 10:44:07.688562,543,22.12,54.3,96619.21,18828,4369
2021-09-12 10:44:42.737813,543,22.11,54.28,96618.57,18852,4373
2021-09-12 10:45:12.886577,542,22.12,54.28,96619.15,18802,4371
2021-09-12 10:46:08.052501,540,22.12,54.23,96618.97,18820,4372
2021-09-12 10:46:53.282958,538,22.12,54.24,96619.9,18862,4371
2021-09-12 10:47:28.477432,538,22.13,54.22,96619.39,18870,4371
2021-09-12 10:48:28.779763,538,22.13,54.22,96618.59,18828,4371
2021-09-12 10:48:58.932626,538,22.13,54.21,96619.17,18842,4371
2021-09-12 10:49:54.119181,538,22.13,54.22,96616.92,18792,4371
2021-09-12 10:50:29.319148,538,22.13,54.24,96617.2,18798,4371
2021-09-12 10:51:04.493665,539,22.14,54.23,96617.32,18864,4372
2021-09-12 10:51:39.675602,538,22.14,54.22,96618.08,18826,4371
2021-09-12 10:52:29.951405,539,22.14,54.21,96615.95,18876,4372
2021-09-12 10:53:00.103460,539,22.15,54.23,96616.65,18856,4371
2021-09-12 10:57:34.422359,566,22.19,54.43,96619.07,18866,4373
2021-09-12 10:58:09.616937,573,22.19,54.46,96615.43,18926,4371
2021-09-12 10:58:54.930007,593,22.19,54.48,96619.13,18868,4372
2021-09-12 10:59:30.113710,605,22.2,54.5,96619.15,18970,4371
2021-09-12 11:00:45.680116,633,22.21,54.54,96618.0,18856,4370
2021-09-12 11:01:15.819062,648,22.22,54.57,96619.63,18952,4372
2021-09-12 11:01:45.873758,653,22.21,54.57,96617.77,18860,4371
2021-09-12 11:02:15.909564,659,22.22,54.6,96618.6,18974,4372
2021-09-12 11:02:45.934887,660,22.22,54.63,96617.56,18912,4373
2021-09-12 11:03:15.942187,660,22.23,54.62,96615.78,18912,4371
2021-09-12 11:03:50.977632,663,22.24,54.64,96615.27,18918,4372
2021-09-12 11:04:26.145539,665,22.24,54.64,96613.59,18874,4371
2021-09-12 11:04:56.305071,669,22.24,54.66,96613.42,18922,4371
2021-09-12 11:05:26.321079,672,22.24,54.68,96612.5,18924,4370
2021-09-12 11:05:56.338645,675,22.25,54.7,96612.11,18940,4371
2021-09-12 11:06:36.453558,680,22.26,54.71,96612.29,18910,4371
2021-09-12 11:07:21.735749,685,22.26,54.74,96610.91,18968,4370
2021-09-12 11:07:51.898995,686,22.27,54.72,96612.42,18968,4371
2021-09-12 11:08:21.922969,690,22.27,54.75,96607.63,18940,4371
2021-09-12 11:09:12.118534,697,22.28,54.77,96611.06,18892,4371
2021-09-12 11:09:42.246782,699,22.29,54.77,96609.38,18998,4373
2021-09-12 11:10:22.366479,706,22.29,54.81,96607.54,18980,4372
2021-09-12 11:10:52.532936,707,22.29,54.79,96608.47,18948,4372
2021-09-12 11:11:37.663119,712,22.3,54.82,96611.2,18912,4371
2021-09-12 11:12:33.068631,717,22.31,54.82,96610.39,18932,4372
2021-09-12 11:13:03.211629,718,22.31,54.84,96608.61,18974,4370
2021-09-12 11:13:38.306632,722,22.31,54.83,96607.63,18972,4371
2021-09-12 11:14:08.447545,723,22.32,54.85,96607.92,18620,4371
2021-09-12 11:14:38.471154,726,22.32,54.87,96604.17,18974,4372
2021-09-12 11:15:08.492693,730,22.33,54.87,96605.8,19002,4371
2021-09-12 11:15:48.632731,733,22.33,54.85,96605.52,18986,4370
2021-09-12 11:16:18.757416,737,22.34,54.87,96604.43,18858,4372
2021-09-12 11:16:58.897039,741,22.34,54.87,96603.51,18904,4371
2021-09-12 11:17:49.235943,745,22.35,54.9,96604.04,18724,4370
2021-09-12 11:18:24.436570,749,22.35,54.88,96603.93,18916,4372
2021-09-12 11:19:04.680746,753,22.36,54.88,96602.43,18908,4373
2021-09-12 11:19:39.872480,753,22.36,54.86,96603.59,18982,4371
2021-09-12 11:20:09.992736,754,22.36,54.88,96601.97,18950,4370
2021-09-12 11:20:40.030423,754,22.36,54.87,96603.82,18898,4370
2021-09-12 11:21:10.024252,754,22.36,54.85,96605.73,18944,4372
2021-09-12 11:22:00.241990,753,22.36,54.86,96603.3,18946,4372
2021-09-12 11:22:50.554972,751,22.37,54.85,96603.6,19032,4369
2021-09-12 11:23:40.893764,748,22.37,54.86,96603.36,19002,4373
2021-09-12 11:24:26.180393,741,22.37,54.85,96601.46,18956,4372
2021-09-12 11:25:16.513380,735,22.37,54.83,96602.15,18916,4372
2021-09-12 11:25:51.684485,730,22.37,54.85,96601.69,18818,4370
2021-09-12 11:26:21.833289,724,22.38,54.83,96605.46,19008,4372
2021-09-12 11:26:51.868773,713,22.38,54.83,96602.05,19000,4371
2021-09-12 11:27:21.894038,705,22.38,54.85,96605.75,19034,4372
2021-09-12 11:27:51.924401,698,22.37,54.85,96601.41,18930,4372
2021-09-12 11:28:21.937335,689,22.37,54.82,96602.33,19010,4371
2021-09-12 11:29:02.059433,682,22.38,54.84,96602.98,18752,4372
2021-09-12 11:29:32.184702,676,22.38,54.85,96602.23,18488,4370
2021-09-12 11:30:17.348490,672,22.38,54.85,96604.31,18602,4371
2021-09-12 11:31:12.696766,665,22.38,54.85,96602.52,18942,4371
2021-09-12 11:32:13.127831,659,22.39,54.83,96601.72,18862,4372
2021-09-12 11:33:38.870891,668,22.39,54.87,96597.91,19062,4372
2021-09-12 11:34:08.993913,676,22.39,54.86,96595.89,19042,4372
2021-09-12 11:35:04.249608,681,22.4,54.88,96597.17,19056,4370
2021-09-12 11:35:39.454959,683,22.41,54.89,96598.1,19134,4372
2021-09-12 11:36:09.578125,686,22.41,54.87,96595.97,19084,4371
2021-09-12 11:36:44.639041,687,22.41,54.9,96594.82,19152,4373
2021-09-12 11:37:14.802385,687,22.42,54.89,96594.59,19108,4372
2021-09-12 11:37:49.844174,687,22.42,54.88,96592.22,19084,4371
2021-09-12 11:38:20.010459,687,22.42,54.89,96589.97,19132,4369
2021-09-12 11:38:50.010761,687,22.42,54.89,96590.38,19126,4371
2021-09-12 11:39:20.035046,688,22.43,54.89,96589.52,19088,4373
2021-09-12 11:40:05.199969,688,22.43,54.89,96587.61,19094,4372
2021-09-12 11:40:45.414685,689,22.44,54.9,96589.88,19146,4371
2021-09-12 11:41:20.624550,689,22.44,54.91,96587.62,19074,4372
2021-09-12 11:41:50.760176,690,22.44,54.9,96589.88,19178,4370
2021-09-12 11:42:25.830828,690,22.44,54.89,96588.38,19116,4370
2021-09-12 11:43:41.437680,691,22.45,54.91,96589.08,19218,4372
2021-09-12 11:44:16.584853,692,22.45,54.9,96587.58,18952,4371
2021-09-12 11:44:46.735744,693,22.45,54.89,96585.79,18990,4372
2021-09-12 11:45:16.771436,693,22.46,54.88,96587.3,19094,4369
2021-09-12 11:45:56.839316,693,22.46,54.87,96585.68,18778,4369
2021-09-12 11:46:42.127602,693,22.46,54.88,96585.11,18674,4370
2021-09-12 11:47:12.275004,694,22.46,54.88,96584.24,19106,4370
2021-09-12 11:47:42.282631,694,22.46,54.89,96584.94,18724,4369
2021-09-12 11:48:32.542645,694,22.47,54.89,96582.81,18950,4371
2021-09-12 11:49:02.709998,694,22.48,54.87,96585.59,18674,4370
2021-09-12 11:49:32.708166,695,22.48,54.89,96580.21,19150,4370
2021-09-12 11:50:02.731441,695,22.48,54.86,96578.6,19172,4371
2021-09-12 11:50:32.775414,696,22.48,54.87,96581.26,18912,4369
2021-09-12 11:51:07.835486,696,22.49,54.88,96584.16,18482,4370
2021-09-12 11:51:43.016309,696,22.5,54.86,96585.38,18388,4368
2021-09-12 11:52:18.217043,696,22.49,54.88,96583.24,19156,4367
2021-09-12 11:52:48.353489,697,22.5,54.89,96586.2,18594,4370
2021-09-12 11:53:28.479830,698,22.5,54.88,96588.16,18650,4371
2021-09-12 11:54:08.743067,699,22.51,54.88,96584.77,19044,4371
2021-09-12 11:54:38.860610,699,22.51,54.87,96585.34,18774,4370
2021-09-12 11:55:29.043876,703,22.52,54.86,96584.72,19062,4371
2021-09-12 11:55:59.192389,703,22.51,54.86,96583.03,18988,4369
2021-09-12 11:56:34.281912,704,22.52,54.85,96581.77,18448,4370
2021-09-12 11:57:04.401376,704,22.53,54.87,96583.8,18752,4370
2021-09-12 11:57:34.430937,705,22.53,54.87,96582.41,18850,4369
2021-09-12 11:58:04.450834,706,22.53,54.87,96583.11,19022,4369
2021-09-12 11:59:14.888197,708,22.54,54.85,96582.08,19102,4370
2021-09-12 11:59:44.998086,709,22.54,54.86,96581.5,19098,4371
2021-09-12 12:00:15.049365,709,22.54,54.86,96581.67,19080,4370
2021-09-12 12:01:00.268757,710,22.54,54.84,96580.17,19112,4369
2021-09-12 12:01:45.531999,713,22.54,54.84,96581.62,19096,4369
2021-09-12 12:02:20.713100,714,22.54,54.84,96580.75,18784,4370
2021-09-12 12:02:50.863359,715,22.55,54.84,96583.24,18612,4370
2021-09-12 12:03:41.143047,715,22.55,54.83,96581.51,18738,4372
2021-09-12 12:04:16.339550,714,22.56,54.85,96581.93,18578,4372
2021-09-12 12:05:11.671149,710,22.55,54.83,96579.49,18722,4370
2021-09-12 12:05:46.859415,707,22.55,54.83,96581.46,18666,4370
2021-09-12 12:06:17.008275,704,22.55,54.83,96580.64,18638,4370
2021-09-12 12:06:47.028413,701,22.55,54.84,96581.57,18822,4370
2021-09-12 12:07:17.053431,697,22.55,54.86,96582.21,18428,4368
2021-09-12 12:07:47.075721,691,22.55,54.85,96581.69,18662,4369
2021-09-12 12:08:22.137981,687,22.55,54.88,96579.08,19002,4369
2021-09-12 12:08:52.286064,683,22.57,54.88,96580.43,19032,4370
2021-09-12 12:09:27.333881,680,22.56,54.9,96580.49,19090,4369
2021-09-12 12:10:12.629226,678,22.56,54.92,96579.27,19092,4368
2021-09-12 12:10:42.786263,677,22.56,54.94,96578.69,19116,4372
2021-09-12 12:11:12.795491,677,22.57,54.95,96584.02,19072,4369
2021-09-12 12:11:42.793492,677,22.57,54.98,96581.13,19076,4371
2021-09-12 12:12:12.843677,677,22.57,54.96,96580.67,19054,4370
2021-09-12 12:12:42.844551,675,22.58,54.99,96582.99,19096,4369
2021-09-12 12:13:17.923506,675,22.57,55.0,96578.82,19072,4370
2021-09-12 12:13:48.050325,675,22.58,54.99,96579.13,19052,4369
2021-09-12 12:14:18.066331,676,22.59,55.01,96579.42,19050,4370
2021-09-12 12:14:53.166727,676,22.59,55.04,96578.73,19070,4369
2021-09-12 12:15:23.303340,677,22.59,55.06,96577.98,19146,4369
2021-09-12 12:15:53.312641,678,22.59,55.06,96576.36,19106,4372
2021-09-12 12:16:23.338958,678,22.6,55.08,96574.57,19058,4371
2021-09-12 12:16:58.405251,679,22.59,55.08,96571.74,19070,4370
2021-09-12 12:17:28.529947,680,22.6,55.1,96574.24,19048,4368
2021-09-12 12:17:58.542003,683,22.61,55.12,96573.08,18862,4369
2021-09-12 12:18:33.625702,685,22.6,55.15,96571.98,19020,4369
2021-09-12 12:19:03.750290,687,22.62,55.15,96574.02,19112,4370
2021-09-12 12:19:33.779130,689,22.61,55.15,96571.18,19070,4370
2021-09-12 12:20:03.804228,689,22.62,55.14,96574.02,19106,4371
2021-09-12 12:20:33.808893,690,22.62,55.16,96573.04,19126,4369
2021-09-12 12:21:18.960302,694,22.62,55.16,96571.71,19072,4371
2021-09-12 12:21:54.178735,697,22.63,55.2,96572.18,19070,4370
2021-09-12 12:22:39.463423,699,22.63,55.23,96572.19,19088,4371
2021-09-12 12:23:14.632500,703,22.63,55.23,96573.06,19088,4370
2021-09-12 12:23:54.910033,703,22.64,55.25,96573.93,19140,4370
2021-09-12 12:24:25.042567,703,22.64,55.25,96576.88,19144,4368
2021-09-12 12:25:05.183056,704,22.65,55.26,96573.25,19144,4371
2021-09-12 12:25:45.418210,704,22.65,55.27,96571.63,19184,4371
2021-09-12 12:26:30.682768,705,22.65,55.27,96572.15,19122,4371
2021-09-12 12:27:05.895773,706,22.67,55.28,96573.84,19150,4369
2021-09-12 12:27:41.046616,708,22.66,55.28,96572.92,19226,4372
2021-09-12 12:28:11.190012,709,22.67,55.3,96572.81,19176,4370
2021-09-12 12:28:41.218944,712,22.67,55.28,96573.73,19194,4370
2021-09-12 12:29:21.336689,714,22.67,55.3,96572.23,19206,4371
2021-09-12 12:29:51.489893,716,22.69,55.3,96573.46,19178,4372
2021-09-12 12:30:26.561696,718,22.69,55.31,96573.82,19204,4370
2021-09-12 12:30:56.726036,719,22.69,55.32,96572.48,19140,4370
2021-09-12 12:31:41.858364,721,22.7,55.31,96573.24,19190,4369
2021-09-12 12:32:12.015857,722,22.7,55.3,96572.49,19216,4370
2021-09-12 12:32:42.019881,723,22.7,55.31,96570.7,19236,4370
2021-09-12 12:33:17.088400,725,22.7,55.3,96571.57,19218,4370
2021-09-12 12:33:52.283475,725,22.72,55.29,96573.9,19202,4369
2021-09-12 12:34:22.430547,726,22.71,55.3,96571.75,18484,4371
2021-09-12 12:34:57.514334,725,22.71,55.29,96570.48,18412,4369
2021-09-12 12:35:32.668632,726,22.71,55.28,96571.46,18586,4369
2021-09-12 12:36:23.039991,727,22.72,55.25,96570.2,19284,4371
2021-09-12 12:36:53.171310,727,22.72,55.28,96568.87,19248,4370
2021-09-12 12:37:23.191501,726,22.72,55.24,96566.62,19168,4369
2021-09-12 12:37:53.224734,726,22.72,55.25,96567.26,19268,4367
2021-09-12 12:38:28.290482,726,22.73,55.23,96567.9,19088,4368
2021-09-12 12:38:58.487960,724,22.73,55.22,96569.75,19238,4370
2021-09-12 12:39:33.534085,724,22.73,55.23,96569.69,19326,4371
2021-09-12 12:40:08.697421,724,22.74,55.24,96570.57,19316,4369
2021-09-12 12:40:38.858049,723,22.74,55.2,96566.64,19346,4369
2021-09-12 12:41:08.865720,722,22.74,55.2,96563.87,19362,4368
2021-09-12 12:41:54.044097,721,22.74,55.2,96567.33,19302,4368
2021-09-12 12:42:24.173748,721,22.75,55.19,96566.24,19388,4370
2021-09-12 12:42:59.261680,720,22.76,55.21,96567.87,19378,4368
2021-09-12 12:43:59.659934,721,22.76,55.2,96566.83,19422,4371
2021-09-12 12:44:34.851487,721,22.76,55.18,96566.6,19394,4370
2021-09-12 12:45:05.007174,722,22.76,55.18,96567.01,19386,4370
2021-09-12 12:45:45.139023,721,22.76,55.16,96565.28,19364,4370
2021-09-12 12:46:15.255517,722,22.77,55.16,96566.03,19164,4370
2021-09-12 12:47:00.430204,723,22.77,55.18,96565.29,19392,4370
2021-09-12 12:48:05.900253,724,22.77,55.14,96562.34,19302,4369
2021-09-12 12:48:36.037315,725,22.78,55.15,96563.91,19328,4369
2021-09-12 12:49:06.057161,727,22.78,55.14,96563.85,19334,4370
2021-09-12 12:49:41.138399,729,22.78,55.14,96562.0,19356,4369
2021-09-12 12:50:11.265090,729,22.79,55.15,96559.92,19244,4372
2021-09-12 12:50:56.421602,730,22.79,55.14,96559.98,19112,4370
2021-09-12 12:51:36.628811,731,22.79,55.15,96557.67,19094,4369
2021-09-12 12:52:06.782748,733,22.79,55.14,96556.17,19246,4369
2021-09-12 12:52:36.806231,734,22.79,55.15,96555.94,19176,4369
2021-09-12 12:53:06.837859,735,22.79,55.15,96555.42,19140,4367
2021-09-12 12:53:36.866092,735,22.8,55.15,96556.99,19224,4370
2021-09-12 12:54:11.911383,735,22.81,55.14,96555.9,19248,4369
2021-09-12 12:54:47.158610,735,22.8,55.14,96555.84,19298,4369
2021-09-12 12:55:17.289817,735,22.8,55.11,96555.6,19398,4369
2021-09-12 12:55:47.308456,736,22.81,55.14,96555.91,19300,4370
2021-09-12 12:56:17.359236,736,22.81,55.13,96553.13,19166,4368
2021-09-12 12:56:47.386910,736,22.81,55.13,96549.83,19204,4370
2021-09-12 12:57:22.440264,735,22.82,55.14,96551.58,19414,4371
2021-09-12 12:57:57.643710,736,22.83,55.14,96553.26,19176,4369
2021-09-12 12:58:27.798315,736,22.83,55.14,96552.91,19018,4367
2021-09-12 12:58:57.802837,736,22.83,55.14,96552.69,19330,4369
2021-09-12 12:59:27.839535,736,22.84,55.15,96551.77,19154,4370
2021-09-12 13:00:07.933134,736,22.84,55.13,96553.15,19012,4370
2021-09-12 13:00:38.098581,736,22.84,55.11,96554.72,19298,4369
2021-09-12 13:01:18.213404,736,22.84,55.14,96555.7,19290,4367
2021-09-12 13:01:48.337647,736,22.84,55.13,96555.01,19346,4368
2021-09-12 13:02:28.483049,735,22.85,55.12,96553.98,19326,4369
2021-09-12 13:03:08.734840,735,22.85,55.14,96555.19,19332,4369
2021-09-12 13:03:49.013026,735,22.86,55.12,96553.64,19336,4369
2021-09-12 13:04:29.214632,736,22.86,55.14,96553.99,19360,4369
2021-09-12 13:04:59.361712,736,22.87,55.12,96552.32,19338,4369
2021-09-12 13:05:49.555901,737,22.87,55.13,96554.8,19346,4369
2021-09-12 13:06:19.730245,737,22.87,55.13,96553.3,19312,4368
2021-09-12 13:06:49.749290,737,22.88,55.13,96555.51,19412,4368
2021-09-12 13:07:29.912100,738,22.88,55.14,96551.0,19324,4371
2021-09-12 13:08:05.072647,738,22.88,55.12,96551.87,19134,4369
2021-09-12 13:08:35.198614,739,22.89,55.11,96549.33,18386,4369
2021-09-12 13:09:20.369163,740,22.89,55.12,96549.62,18402,4370
2021-09-12 13:09:50.527008,741,22.89,55.12,96549.74,18522,4370
2021-09-12 13:10:20.536562,741,22.9,55.1,96549.4,19360,4370
2021-09-12 13:10:55.604041,741,22.9,55.12,96547.84,19468,4370
2021-09-12 13:11:25.735046,741,22.9,55.12,96549.92,19336,4370
2021-09-12 13:12:00.764599,741,22.9,55.12,96548.88,19408,4371
2021-09-12 13:12:40.993331,742,22.91,55.1,96547.73,18564,4370
2021-09-12 13:13:11.147770,741,22.91,55.12,96546.98,18420,4371
2021-09-12 13:13:41.156873,742,22.92,55.11,96544.44,18116,4372
2021-09-12 13:14:11.172726,741,22.92,55.1,96545.83,18362,4369
2021-09-12 13:14:41.199613,742,22.92,55.08,96545.43,19142,4370
2021-09-12 13:15:11.250555,743,22.92,55.09,96547.05,19316,4370
2021-09-12 13:16:21.572707,744,22.93,55.09,96546.65,18334,4370
2021-09-12 13:16:56.759876,745,22.94,55.08,96545.27,18294,4368
2021-09-12 13:17:26.864834,745,22.94,55.07,96544.75,18450,4370
2021-09-12 13:17:56.893250,745,22.94,55.07,96544.23,18288,4369
2021-09-12 13:18:37.027907,746,22.94,55.08,96544.18,19334,4369
2021-09-12 13:19:07.156526,746,22.94,55.07,96544.18,19308,4368
2021-09-12 13:19:37.227572,746,22.95,55.07,96545.98,19358,4367
2021-09-12 13:20:27.400608,746,22.95,55.05,96541.99,19358,4369
2021-09-12 13:21:07.666309,747,22.95,55.07,96539.73,19408,4369
2021-09-12 13:21:42.850462,747,22.95,55.05,96539.04,19392,4370
2021-09-12 13:22:12.983224,747,22.96,55.06,96537.02,19416,4370
2021-09-12 13:22:48.065348,748,22.96,55.06,96534.25,19338,4370
2021-09-12 13:23:18.220507,748,22.96,55.04,96536.56,19298,4370
2021-09-12 13:23:48.229362,748,22.97,55.03,96532.98,19166,4369
2021-09-12 13:24:18.226721,748,22.98,55.03,96530.5,19352,4370
2021-09-12 13:24:53.268511,749,22.97,55.01,96530.21,19352,4368
2021-09-12 13:25:23.450896,749,22.98,55.01,96525.65,19418,4370
2021-09-12 13:25:53.438797,749,22.99,54.99,96531.38,19322,4370
2021-09-12 13:26:23.465976,749,22.98,55.01,96529.06,19378,4369
2021-09-12 13:26:53.487425,749,22.98,54.98,96527.62,19418,4370
2021-09-12 13:27:58.933374,749,22.98,54.95,96526.81,19410,4369
2021-09-12 13:28:49.277124,747,22.98,54.92,96525.42,19470,4370
2021-09-12 13:29:19.408526,746,22.99,54.9,96526.23,19448,4371
2021-09-12 13:29:59.534097,743,22.99,54.9,96526.06,19500,4368
2021-09-12 13:30:34.729086,740,22.99,54.9,96526.69,19436,4369
2021-09-12 13:31:15.040274,737,22.99,54.9,96526.99,19438,4370
2021-09-12 13:31:45.147886,735,22.99,54.91,96527.57,18398,4370
2021-09-12 13:32:20.214547,731,22.99,54.91,96528.44,18404,4369
2021-09-12 13:33:01.843945,728,22.99,54.91,96526.18,18868,4368
2021-09-12 13:38:02.107980,727,23.01,54.89,96520.53,18214,4371
2021-09-12 13:43:02.156509,732,23.03,54.85,96519.45,18398,4371
2021-09-12 13:48:27.448755,746,23.04,54.83,96507.78,18256,4369
2021-09-12 13:53:27.730010,760,23.06,54.82,96503.28,18332,4370
2021-09-12 13:58:37.904839,772,23.08,54.79,96496.81,19514,4366
2021-09-12 14:03:38.104107,779,23.1,54.75,96492.26,19470,4369
2021-09-12 14:08:58.392755,775,23.12,54.68,96490.26,19548,4371
2021-09-12 14:13:58.578893,774,23.15,54.63,96482.18,19474,4367
2021-09-12 14:19:03.720748,774,23.17,54.6,96473.87,19440,4368
2021-09-12 14:24:19.055478,772,23.2,54.6,96474.41,19578,4368
2021-09-12 14:29:24.272786,772,23.21,54.58,96473.14,19608,4368
2021-09-12 14:34:34.577866,770,23.23,54.59,96472.06,18206,4369
2021-09-12 14:39:39.835862,790,23.27,54.64,96466.12,19440,4369
2021-09-12 14:44:50.099794,788,23.3,54.61,96461.4,19364,4369
2021-09-12 14:50:25.549730,749,23.28,54.58,96456.76,20120,4369
2021-09-12 14:55:40.818387,630,23.28,54.73,96458.32,17538,4368
2021-09-12 15:00:46.021675,634,23.31,54.7,96452.38,18844,4369
2021-09-12 15:05:51.307945,634,23.33,54.6,96443.08,18728,4371
2021-09-12 15:10:56.576137,622,23.37,54.56,96440.09,17336,4368
2021-09-12 15:15:56.751719,627,23.38,54.5,96434.08,17340,4368
2021-09-12 15:20:56.806985,649,23.39,54.45,96431.19,18922,4368
2021-09-12 15:26:22.064015,648,23.41,54.28,96422.29,18902,4368
2021-09-12 15:31:37.303188,652,23.43,54.12,96415.3,17458,4367
2021-09-12 15:36:37.513655,624,23.41,54.0,96413.96,17302,4367
2021-09-12 15:41:37.619066,575,23.39,53.92,96409.9,17254,4369
2021-09-12 15:46:47.765294,538,23.37,53.74,96405.78,18164,4368
2021-09-12 15:51:53.024647,530,23.37,53.65,96408.56,18786,4368
2021-09-12 15:56:58.313009,515,23.38,53.59,96404.63,18806,4370
2021-09-12 16:02:28.685804,495,23.41,53.31,96397.01,17322,4366
2021-09-12 16:07:28.879994,507,23.43,53.27,96392.44,18808,4369
2021-09-12 16:12:34.029303,523,23.44,53.37,96388.11,18828,4369
2021-09-12 16:17:34.237586,529,23.45,53.47,96385.34,18776,4369
2021-09-12 16:22:34.342747,533,23.48,53.49,96382.4,18796,4369
2021-09-12 16:27:34.436209,546,23.52,53.44,96381.49,18788,4369
2021-09-12 16:32:34.554624,549,23.55,53.36,96374.73,18756,4368
2021-09-12 16:37:39.671692,560,23.59,53.22,96370.12,18870,4369
2021-09-12 16:42:44.929764,560,23.62,53.02,96371.52,18842,4367
2021-09-12 16:47:45.162198,562,23.64,52.91,96367.3,18808,4367
2021-09-12 16:52:50.343596,565,23.68,52.81,96367.37,18726,4369
2021-09-12 16:58:00.573750,567,23.7,52.76,96362.46,18680,4369
2021-09-12 17:03:05.891945,563,23.73,52.95,96360.5,18684,4370
2021-09-12 17:08:06.111614,559,23.75,53.12,96359.06,18692,4369
2021-09-12 17:13:11.272280,559,23.79,53.11,96359.3,17240,4369
2021-09-12 17:18:21.516492,565,23.8,53.05,96357.46,18538,4369
2021-09-12 17:23:31.856147,566,23.83,52.93,96360.76,18590,4370
2021-09-12 17:28:32.103728,567,23.84,52.88,96360.94,18562,4370
